ID;NOMBRE;TIPO_C;COMUNA;BARRIO;CATEGORIA;TIPOLOGIA;LONG;FECHA;LIM_COM;LIM_BARRIO
0;GONZALEZ, ELPIDIO;CALLE;COMUNA 10;MONTECASTRO;CICLOVIA;BIDIRECCIONAL;1,57445561287;2017;NO SE ENCUENTRA EN UN LIMITE ENTRE COMUNAS;NO SE ENCUENTRA EN UN LIMITE ENTRE BARRIOS
1;DEAN FUNES;CALLE;COMUNA 3;SAN CRISTOBAL;CICLOVIA;BIDIRECCIONAL;0,78632389654;2015;NO SE ENCUENTRA EN UN LIMITE ENTRE COMUNAS;NO SE ENCUENTRA EN UN LIMITE ENTRE BARRIOS
2;GARCIA, JUAN AGUSTIN;CALLE;COMUNA 11;VILLA SANTA RITA;CICLOVIA;BIDIRECCIONAL;1,37277552386;2018;NO SE ENCUENTRA EN UN LIMITE ENTRE COMUNAS;NO SE ENCUENTRA EN UN LIMITE ENTRE BARRIOS
3;BALBASTRO;CALLE;COMUNA 7;FLORES;CICLOVIA;BIDIRECCIONAL;0,56114149481;2017;NO SE ENCUENTRA EN UN LIMITE ENTRE COMUNAS;NO SE ENCUENTRA EN UN LIMITE ENTRE BARRIOS
4;IBERA;CALLE;COMUNA 13;NU├æEZ;CICLOVIA;BIDIRECCIONAL;0,70160471745;2017;NO SE ENCUENTRA EN UN LIMITE ENTRE COMUNAS;NO SE ENCUENTRA EN UN LIMITE ENTRE BARRIOS
5;CUBA;CALLE;COMUNA 13;NU├æEZ;CICLOVIA;BIDIRECCIONAL;1,18163854262;2017;NO SE ENCUENTRA EN UN LIMITE ENTRE COMUNAS;NO SE ENCUENTRA EN UN LIMITE ENTRE BARRIOS
6;MANUELA PEDRAZA;CALLE;COMUNA 13;NU├æEZ;CICLOVIA;BIDIRECCIONAL;0,60346570847;2017;NO SE ENCUENTRA EN UN LIMITE ENTRE COMUNAS;NO SE ENCUENTRA EN UN LIMITE ENTRE BARRIOS
7;PAVON;CALLE;COMUNA 1;CONSTITUCION;CICLOVIA;BIDIRECCIONAL;0,55690464954;2017;NO SE ENCUENTRA EN UN LIMITE ENTRE COMUNAS;NO SE ENCUENTRA EN UN LIMITE ENTRE BARRIOS
8;GUATEMALA;CALLE;COMUNA 14;PALERMO;CICLOVIA;BIDIRECCIONAL;0,80776120864;2018;NO SE ENCUENTRA EN UN LIMITE ENTRE COMUNAS;NO SE ENCUENTRA EN UN LIMITE ENTRE BARRIOS
9;BEIRO, FRANSISCO AV.;AVENIDA;COMUNA 15;AGRONOMIA;BICISENDA;BIDIRECCIONAL;0,52004029315;2017;NO SE ENCUENTRA EN UN LIMITE ENTRE COMUNAS;NO SE ENCUENTRA EN UN LIMITE ENTRE BARRIOS
10;ESTADO PLURINACIONAL DE BOLIVIA;CALLE;COMUNA 12;VILLA PUEYRREDON;CICLOVIA;BIDIRECCIONAL;0,96952752833;2017;NO SE ENCUENTRA EN UN LIMITE ENTRE COMUNAS;NO SE ENCUENTRA EN UN LIMITE ENTRE BARRIOS
11;NUEVA YORK;CALLE;COMUNA 15;AGRONOMIA;CICLOVIA;BIDIRECCIONAL;1,61011241835;2017;NO SE ENCUENTRA EN UN LIMITE ENTRE COMUNAS;NO SE ENCUENTRA EN UN LIMITE ENTRE BARRIOS
12;IRIGOYEN, BERNARDO DE;CALLE;COMUNA 1;MONSERRAT;CICLOVIA;BIDIRECCIONAL;0,51782818746;2012;NO SE ENCUENTRA EN UN LIMITE ENTRE COMUNAS;NO SE ENCUENTRA EN UN LIMITE ENTRE BARRIOS
13;PELLEGRINI, CARLOS;CALLE;COMUNA 1;SAN NICOLAS;CICLOVIA;BIDIRECCIONAL;0,25450561340;2012;NO SE ENCUENTRA EN UN LIMITE ENTRE COMUNAS;NO SE ENCUENTRA EN UN LIMITE ENTRE BARRIOS
14;PERON, JUAN DOMINGO, TTE, GRAL.;CALLE;COMUNA 1;SAN NICOLAS;CICLOVIA;UNIDIRECCIONAL;1,17699311256;2011;NO SE ENCUENTRA EN UN LIMITE ENTRE COMUNAS;NO SE ENCUENTRA EN UN LIMITE ENTRE BARRIOS
15;ADOLFO ALSINA;CALLE;COMUNA 3;BALVANERA;CICLOVIA;BIDIRECCIONAL;1,39370645072;2010;NO SE ENCUENTRA EN UN LIMITE ENTRE COMUNAS;NO SE ENCUENTRA EN UN LIMITE ENTRE BARRIOS
16;TACUARI;CALLE;COMUNA 1;CONSTITUCION;CICLOVIA;BIDIRECCIONAL;1,18292017209;2016;NO SE ENCUENTRA EN UN LIMITE ENTRE COMUNAS;NO SE ENCUENTRA EN UN LIMITE ENTRE BARRIOS
17;SUIPACHA;CALLE;COMUNA 1;SAN NICOLAS;CICLOVIA;BIDIRECCIONAL;0,78170158909;2011;NO SE ENCUENTRA EN UN LIMITE ENTRE COMUNAS;NO SE ENCUENTRA EN UN LIMITE ENTRE BARRIOS
18;ALVEAR, MARCELO T. DE;CALLE;COMUNA 2;RECOLETA;CICLOVIA;BIDIRECCIONAL;1,08551335354;2014;NO SE ENCUENTRA EN UN LIMITE ENTRE COMUNAS;NO SE ENCUENTRA EN UN LIMITE ENTRE BARRIOS
19;BOUCHARD;CALLE;COMUNA 1;SAN NICOLAS;CICLOVIA;BIDIRECCIONAL;0,39228378923;2010;NO SE ENCUENTRA EN UN LIMITE ENTRE COMUNAS;NO SE ENCUENTRA EN UN LIMITE ENTRE BARRIOS
20;CORRIENTES AV.;AVENIDA;COMUNA 1;SAN NICOLAS;CICLOVIA;BIDIRECCIONAL;0,07614631966;2011;NO SE ENCUENTRA EN UN LIMITE ENTRE COMUNAS;NO SE ENCUENTRA EN UN LIMITE ENTRE BARRIOS
21;VIAMONTE;CALLE;COMUNA 1;PUERTO MADERO;BICISENDA;BIDIRECCIONAL;0,11290362338;2019;NO SE ENCUENTRA EN UN LIMITE ENTRE COMUNAS;NO SE ENCUENTRA EN UN LIMITE ENTRE BARRIOS
22;ANTARTIDA ARGENTINA;AVENIDA;COMUNA 1;RETIRO;BICISENDA;BIDIRECCIONAL;0,89212120449;2019;NO SE ENCUENTRA EN UN LIMITE ENTRE COMUNAS;NO SE ENCUENTRA EN UN LIMITE ENTRE BARRIOS
23;DEL LIBERTADOR AV.;AVENIDA;COMUNA 14;PALERMO;BICISENDA;BIDIRECCIONAL;1,96159759711;2011;NO SE ENCUENTRA EN UN LIMITE ENTRE COMUNAS;NO SE ENCUENTRA EN UN LIMITE ENTRE BARRIOS
24;DOBLAS;CALLE;COMUNA 7;PARQUE CHACABUCO;CICLOVIA;BIDIRECCIONAL;1,26427257528;2014;NO SE ENCUENTRA EN UN LIMITE ENTRE COMUNAS;NO SE ENCUENTRA EN UN LIMITE ENTRE BARRIOS
25;VALLE;CALLE;COMUNA 6;CABALLITO;CICLOVIA;BIDIRECCIONAL;1,21436841258;2010;NO SE ENCUENTRA EN UN LIMITE ENTRE COMUNAS;NO SE ENCUENTRA EN UN LIMITE ENTRE BARRIOS
26;ESTADOS UNIDOS;CALLE;COMUNA 5;BOEDO;CICLOVIA;BIDIRECCIONAL;0,77472957703;2011;NO SE ENCUENTRA EN UN LIMITE ENTRE COMUNAS;NO SE ENCUENTRA EN UN LIMITE ENTRE BARRIOS
27;BRAVARD;CALLE;COMUNA 15;VILLA CRESPO;CICLOVIA;BIDIRECCIONAL;0,21004241025;2013;NO SE ENCUENTRA EN UN LIMITE ENTRE COMUNAS;NO SE ENCUENTRA EN UN LIMITE ENTRE BARRIOS
28;PADILLA;CALLE;COMUNA 15;VILLA CRESPO;CICLOVIA;BIDIRECCIONAL;1,17098740793;2011;NO SE ENCUENTRA EN UN LIMITE ENTRE COMUNAS;NO SE ENCUENTRA EN UN LIMITE ENTRE BARRIOS
29;OTAMENDI;CALLE;COMUNA 6;CABALLITO;CICLOVIA;BIDIRECCIONAL;0,87239120766;2011;NO SE ENCUENTRA EN UN LIMITE ENTRE COMUNAS;NO SE ENCUENTRA EN UN LIMITE ENTRE BARRIOS
30;CHIVILCOY;CALLE;COMUNA 10;FLORESTA;CICLOVIA;BIDIRECCIONAL;1,17261066993;2013;NO SE ENCUENTRA EN UN LIMITE ENTRE COMUNAS;NO SE ENCUENTRA EN UN LIMITE ENTRE BARRIOS
31;AZOPARDO;CALLE;COMUNA 1;SAN TELMO;CICLOVIA;BIDIRECCIONAL;0,65722221822;2010;NO SE ENCUENTRA EN UN LIMITE ENTRE COMUNAS;NO SE ENCUENTRA EN UN LIMITE ENTRE BARRIOS
32;BELGRANO AV.;AVENIDA;COMUNA 1;MONSERRAT;CICLOVIA;BIDIRECCIONAL;0,07689883850;2012;NO SE ENCUENTRA EN UN LIMITE ENTRE COMUNAS;NO SE ENCUENTRA EN UN LIMITE ENTRE BARRIOS
33;ARENALES;CALLE;COMUNA 2;RECOLETA;CICLOVIA;BIDIRECCIONAL;0,26777572693;2012;NO SE ENCUENTRA EN UN LIMITE ENTRE COMUNAS;NO SE ENCUENTRA EN UN LIMITE ENTRE BARRIOS
34;FIGUEROA ALCORTA PRES. AV.;AVENIDA;COMUNA 14;PALERMO;BICISENDA;BIDIRECCIONAL;1,99793535666;2013;NO SE ENCUENTRA EN UN LIMITE ENTRE COMUNAS;NO SE ENCUENTRA EN UN LIMITE ENTRE BARRIOS
35;FRENCH;CALLE;COMUNA 2;RECOLETA;CICLOVIA;BIDIRECCIONAL;1,09661793367;2012;NO SE ENCUENTRA EN UN LIMITE ENTRE COMUNAS;NO SE ENCUENTRA EN UN LIMITE ENTRE BARRIOS
36;TUCUMAN;CALLE;COMUNA 3;BALVANERA;CICLOVIA;BIDIRECCIONAL;1,12314189573;2017;NO SE ENCUENTRA EN UN LIMITE ENTRE COMUNAS;NO SE ENCUENTRA EN UN LIMITE ENTRE BARRIOS
37;URIBURU JOSE E, PRES.;CALLE;COMUNA 3;BALVANERA;CICLOVIA;BIDIRECCIONAL;1,09494110927;2015;NO SE ENCUENTRA EN UN LIMITE ENTRE COMUNAS;NO SE ENCUENTRA EN UN LIMITE ENTRE BARRIOS
38;JUNCAL;CALLE;COMUNA 2;RECOLETA;CICLOVIA;BIDIRECCIONAL;0,82292073472;2012;NO SE ENCUENTRA EN UN LIMITE ENTRE COMUNAS;NO SE ENCUENTRA EN UN LIMITE ENTRE BARRIOS
39;AZCUENAGA;CALLE;COMUNA 2;RECOLETA;CICLOVIA;BIDIRECCIONAL;0,48078794243;2017;NO SE ENCUENTRA EN UN LIMITE ENTRE COMUNAS;NO SE ENCUENTRA EN UN LIMITE ENTRE BARRIOS
40;TRES ARROYOS;CALLE;COMUNA 15;VILLA CRESPO;CICLOVIA;BIDIRECCIONAL;0,88420226338;2015;NO SE ENCUENTRA EN UN LIMITE ENTRE COMUNAS;NO SE ENCUENTRA EN UN LIMITE ENTRE BARRIOS
41;MONTEVIDEO;CALLE;COMUNA 1;SAN NICOLAS;CICLOVIA;BIDIRECCIONAL;1,07033343989;2012;NO SE ENCUENTRA EN UN LIMITE ENTRE COMUNAS;NO SE ENCUENTRA EN UN LIMITE ENTRE BARRIOS
42;HUMAHUACA;CALLE;COMUNA 5;ALMAGRO;CICLOVIA;BIDIRECCIONAL;1,69114471207;2014;NO SE ENCUENTRA EN UN LIMITE ENTRE COMUNAS;NO SE ENCUENTRA EN UN LIMITE ENTRE BARRIOS
43;ACU├æA DE FIGUEROA, FRANSISCO;CALLE;COMUNA 5;ALMAGRO;CICLOVIA;BIDIRECCIONAL;1,06373975321;2015;NO SE ENCUENTRA EN UN LIMITE ENTRE COMUNAS;NO SE ENCUENTRA EN UN LIMITE ENTRE BARRIOS
44;POTOSI;CALLE;COMUNA 5;ALMAGRO;CICLOVIA;BIDIRECCIONAL;1,09650161067;2011;NO SE ENCUENTRA EN UN LIMITE ENTRE COMUNAS;NO SE ENCUENTRA EN UN LIMITE ENTRE BARRIOS
45;BULNES;CALLE;COMUNA 5;ALMAGRO;CICLOVIA;BIDIRECCIONAL;0,05643742872;2011;NO SE ENCUENTRA EN UN LIMITE ENTRE COMUNAS;NO SE ENCUENTRA EN UN LIMITE ENTRE BARRIOS
46;LINIERS VIRREY;CALLE;COMUNA 5;BOEDO;CICLOVIA;BIDIRECCIONAL;1,95013178086;2010;NO SE ENCUENTRA EN UN LIMITE ENTRE COMUNAS;NO SE ENCUENTRA EN UN LIMITE ENTRE BARRIOS
47;DON BOSCO;CALLE;COMUNA 5;ALMAGRO;CICLOVIA;BIDIRECCIONAL;0,89518827931;2014;NO SE ENCUENTRA EN UN LIMITE ENTRE COMUNAS;NO SE ENCUENTRA EN UN LIMITE ENTRE BARRIOS
48;MEXICO;CALLE;COMUNA 3;BALVANERA;CICLOVIA;BIDIRECCIONAL;0,96117314120;2014;NO SE ENCUENTRA EN UN LIMITE ENTRE COMUNAS;NO SE ENCUENTRA EN UN LIMITE ENTRE BARRIOS
49;BILLINGHURST;CALLE;COMUNA 5;ALMAGRO;CICLOVIA;BIDIRECCIONAL;1,44945778571;2011;NO SE ENCUENTRA EN UN LIMITE ENTRE COMUNAS;NO SE ENCUENTRA EN UN LIMITE ENTRE BARRIOS
50;ECUADOR;CALLE;COMUNA 2;RECOLETA;CICLOVIA;BIDIRECCIONAL;0,83676577719;2017;NO SE ENCUENTRA EN UN LIMITE ENTRE COMUNAS;NO SE ENCUENTRA EN UN LIMITE ENTRE BARRIOS
51;DIAZ, CNEL. AV.;AVENIDA;COMUNA 2;RECOLETA;CICLOVIA;BIDIRECCIONAL;1,16073731343;2012;COMUNA 2/COMUNA 14;RECOLETA/PALERMO
52;ANCHORENA, TOMAS MANUEL DE, DR;CALLE;COMUNA 2;RECOLETA;CICLOVIA;BIDIRECCIONAL;0,18656708821;2017;NO SE ENCUENTRA EN UN LIMITE ENTRE COMUNAS;NO SE ENCUENTRA EN UN LIMITE ENTRE BARRIOS
53;BILBAO, FRANSISCO;CALLE;COMUNA 7;PARQUE CHACABUCO;CICLOVIA;BIDIRECCIONAL;0,37004849298;2017;NO SE ENCUENTRA EN UN LIMITE ENTRE COMUNAS;NO SE ENCUENTRA EN UN LIMITE ENTRE BARRIOS
54;BONIFACIO, JOSE;CALLE;COMUNA 7;FLORES;CICLOVIA;BIDIRECCIONAL;1,54238580418;2017;NO SE ENCUENTRA EN UN LIMITE ENTRE COMUNAS;NO SE ENCUENTRA EN UN LIMITE ENTRE BARRIOS
55;PUAN;CALLE;COMUNA 7;PARQUE CHACABUCO;CICLOVIA;BIDIRECCIONAL;0,36971281918;2017;NO SE ENCUENTRA EN UN LIMITE ENTRE COMUNAS;NO SE ENCUENTRA EN UN LIMITE ENTRE BARRIOS
56;MIRO;CALLE;COMUNA 7;PARQUE CHACABUCO;CICLOVIA;BIDIRECCIONAL;0,60233199656;2017;NO SE ENCUENTRA EN UN LIMITE ENTRE COMUNAS;NO SE ENCUENTRA EN UN LIMITE ENTRE BARRIOS
57;RODO, JOSE E.;CALLE;COMUNA 9;PARQUE AVELLANEDA;CICLOVIA;BIDIRECCIONAL;0,80143161930;2017;NO SE ENCUENTRA EN UN LIMITE ENTRE COMUNAS;NO SE ENCUENTRA EN UN LIMITE ENTRE BARRIOS
58;SASTRE, MARCOS;CALLE;COMUNA 10;MONTECASTRO;CICLOVIA;BIDIRECCIONAL;2,33443232914;2017;NO SE ENCUENTRA EN UN LIMITE ENTRE COMUNAS;NO SE ENCUENTRA EN UN LIMITE ENTRE BARRIOS
59;ARTIGAS, JOSE GERVASIO, GRAL.;CALLE;COMUNA 11;VILLA GENERAL MITRE;CICLOVIA;BIDIRECCIONAL;1,39462107733;2017;NO SE ENCUENTRA EN UN LIMITE ENTRE COMUNAS;NO SE ENCUENTRA EN UN LIMITE ENTRE BARRIOS
60;LAMAS, ANDRES;CALLE;COMUNA 11;VILLA GENERAL MITRE;CICLOVIA;BIDIRECCIONAL;0,51876491657;2018;NO SE ENCUENTRA EN UN LIMITE ENTRE COMUNAS;NO SE ENCUENTRA EN UN LIMITE ENTRE BARRIOS
61;CHILE;CALLE;COMUNA 1;MONSERRAT;CICLOVIA;BIDIRECCIONAL;0,80197173724;2011;NO SE ENCUENTRA EN UN LIMITE ENTRE COMUNAS;NO SE ENCUENTRA EN UN LIMITE ENTRE BARRIOS
62;RINCON;CALLE;COMUNA 3;BALVANERA;CICLOVIA;BIDIRECCIONAL;0,73201989265;2010;NO SE ENCUENTRA EN UN LIMITE ENTRE COMUNAS;NO SE ENCUENTRA EN UN LIMITE ENTRE BARRIOS
63;PASCO;CALLE;COMUNA 3;BALVANERA;CICLOVIA;BIDIRECCIONAL;0,25469981412;2015;NO SE ENCUENTRA EN UN LIMITE ENTRE COMUNAS;NO SE ENCUENTRA EN UN LIMITE ENTRE BARRIOS
64;USPALLATA;CALLE;COMUNA 4;BARRACAS;CICLOVIA;BIDIRECCIONAL;0,70396164701;2015;NO SE ENCUENTRA EN UN LIMITE ENTRE COMUNAS;NO SE ENCUENTRA EN UN LIMITE ENTRE BARRIOS
65;HERRERA;CALLE;COMUNA 4;BARRACAS;BICISENDA;BIDIRECCIONAL;2,00521277757;2011;NO SE ENCUENTRA EN UN LIMITE ENTRE COMUNAS;NO SE ENCUENTRA EN UN LIMITE ENTRE BARRIOS
66;CEVALLOS, VIRREY;CALLE;COMUNA 1;MONSERRAT;CICLOVIA;BIDIRECCIONAL;0,99080402349;2010;NO SE ENCUENTRA EN UN LIMITE ENTRE COMUNAS;NO SE ENCUENTRA EN UN LIMITE ENTRE BARRIOS
67;CALVO, CARLOS;CALLE;COMUNA 3;SAN CRISTOBAL;CICLOVIA;BIDIRECCIONAL;1,75876326140;2010;NO SE ENCUENTRA EN UN LIMITE ENTRE COMUNAS;NO SE ENCUENTRA EN UN LIMITE ENTRE BARRIOS
68;RONDEAU;CALLE;COMUNA 4;PARQUE PATRICIOS;CICLOVIA;BIDIRECCIONAL;0,94619001939;2010;NO SE ENCUENTRA EN UN LIMITE ENTRE COMUNAS;NO SE ENCUENTRA EN UN LIMITE ENTRE BARRIOS
69;ALBERTI;CALLE;COMUNA 4;PARQUE PATRICIOS;CICLOVIA;BIDIRECCIONAL;0,13306911911;2015;NO SE ENCUENTRA EN UN LIMITE ENTRE COMUNAS;NO SE ENCUENTRA EN UN LIMITE ENTRE BARRIOS
70;15 DE NOVIEMBRE DE 1989;CALLE;COMUNA 4;PARQUE PATRICIOS;CICLOVIA;BIDIRECCIONAL;0,66900939042;2010;NO SE ENCUENTRA EN UN LIMITE ENTRE COMUNAS;NO SE ENCUENTRA EN UN LIMITE ENTRE BARRIOS
71;PICHINCHA AV.;AVENIDA;COMUNA 4;PARQUE PATRICIOS;BICISENDA;BIDIRECCIONAL;0,25789877552;2011;NO SE ENCUENTRA EN UN LIMITE ENTRE COMUNAS;NO SE ENCUENTRA EN UN LIMITE ENTRE BARRIOS
72;ALCORTA, AMANCIO AV.;AVENIDA;COMUNA 4;BARRACAS;BICISENDA;BIDIRECCIONAL;0,33566455990;2015;NO SE ENCUENTRA EN UN LIMITE ENTRE COMUNAS;NO SE ENCUENTRA EN UN LIMITE ENTRE BARRIOS
73;DR. RAMON CARRILLO;CALLE;COMUNA 4;BARRACAS;CICLOVIA;BIDIRECCIONAL;0,07801476621;2015;NO SE ENCUENTRA EN UN LIMITE ENTRE COMUNAS;NO SE ENCUENTRA EN UN LIMITE ENTRE BARRIOS
74;FINOCHIETTO ENRIQUE DR.;CALLE;COMUNA 4;BARRACAS;CICLOVIA;BIDIRECCIONAL;0,21625534493;2015;NO SE ENCUENTRA EN UN LIMITE ENTRE COMUNAS;NO SE ENCUENTRA EN UN LIMITE ENTRE BARRIOS
75;ITUZAINGO;PUENTE;COMUNA 1;CONSTITUCION;BICISENDA;BIDIRECCIONAL;0,10123990556;2015;COMUNA 1/COMUNA 4;CONSTITUCION/BARRACAS
76;SAN JUAN AV.;AVENIDA;COMUNA 1;SAN TELMO;CICLOVIA;BIDIRECCIONAL;0,12975955775;2010;NO SE ENCUENTRA EN UN LIMITE ENTRE COMUNAS;NO SE ENCUENTRA EN UN LIMITE ENTRE BARRIOS
77;COMBATE DE LOS POZOS;CALLE;COMUNA 4;PARQUE PATRICIOS;CICLOVIA;BIDIRECCIONAL;0,49686229719;2010;NO SE ENCUENTRA EN UN LIMITE ENTRE COMUNAS;NO SE ENCUENTRA EN UN LIMITE ENTRE BARRIOS
78;QUILMES;CALLE;COMUNA 4;POMPEYA;CICLOVIA;BIDIRECCIONAL;0,95141450530;2011;NO SE ENCUENTRA EN UN LIMITE ENTRE COMUNAS;NO SE ENCUENTRA EN UN LIMITE ENTRE BARRIOS
79;GARCIA, MANUEL;CALLE;COMUNA 4;PARQUE PATRICIOS;CICLOVIA;BIDIRECCIONAL;0,26440390183;2015;NO SE ENCUENTRA EN UN LIMITE ENTRE COMUNAS;NO SE ENCUENTRA EN UN LIMITE ENTRE BARRIOS
80;TREINTA Y TRES ORIENTALES;CALLE;COMUNA 5;BOEDO;CICLOVIA;BIDIRECCIONAL;1,85265670653;2011;NO SE ENCUENTRA EN UN LIMITE ENTRE COMUNAS;NO SE ENCUENTRA EN UN LIMITE ENTRE BARRIOS
81;LAS CASAS;CALLE;COMUNA 5;BOEDO;CICLOVIA;BIDIRECCIONAL;0,76743519634;2011;NO SE ENCUENTRA EN UN LIMITE ENTRE COMUNAS;NO SE ENCUENTRA EN UN LIMITE ENTRE BARRIOS
82;INDEPENDENCIA AV.;AVENIDA;COMUNA 5;ALMAGRO;CICLOVIA;BIDIRECCIONAL;0,02976939773;2014;NO SE ENCUENTRA EN UN LIMITE ENTRE COMUNAS;ALMAGRO/BOEDO
83;CHACO;CALLE;COMUNA 6;CABALLITO;CICLOVIA;UNIDIRECCIONAL;0,02608252734;2014;NO SE ENCUENTRA EN UN LIMITE ENTRE COMUNAS;NO SE ENCUENTRA EN UN LIMITE ENTRE BARRIOS
84;RIVADAVIA AV.;AVENIDA;COMUNA 6;CABALLITO;CICLOVIA;BIDIRECCIONAL;0,08867955213;2014;NO SE ENCUENTRA EN UN LIMITE ENTRE COMUNAS;NO SE ENCUENTRA EN UN LIMITE ENTRE BARRIOS
85;ROSARIO;CALLE;COMUNA 6;CABALLITO;CICLOVIA;UNIDIRECCIONAL;0,02202316024;2014;NO SE ENCUENTRA EN UN LIMITE ENTRE COMUNAS;NO SE ENCUENTRA EN UN LIMITE ENTRE BARRIOS
86;SENILLOSA;CALLE;COMUNA 6;CABALLITO;CICLOVIA;BIDIRECCIONAL;0,26453105461;2014;NO SE ENCUENTRA EN UN LIMITE ENTRE COMUNAS;NO SE ENCUENTRA EN UN LIMITE ENTRE BARRIOS
87;EL MAESTRO;CALLE;COMUNA 6;CABALLITO;CICLOVIA;UNIDIRECCIONAL;0,16024159108;2014;NO SE ENCUENTRA EN UN LIMITE ENTRE COMUNAS;NO SE ENCUENTRA EN UN LIMITE ENTRE BARRIOS
88;ESTIVAO;CALLE;COMUNA 6;CABALLITO;CICLOVIA;BIDIRECCIONAL;0,28546311446;2011;NO SE ENCUENTRA EN UN LIMITE ENTRE COMUNAS;NO SE ENCUENTRA EN UN LIMITE ENTRE BARRIOS
89;MISIONES;CALLE;COMUNA 3;BALVANERA;CICLOVIA;BIDIRECCIONAL;0,25691526763;2010;NO SE ENCUENTRA EN UN LIMITE ENTRE COMUNAS;NO SE ENCUENTRA EN UN LIMITE ENTRE BARRIOS
90;CASTELLI;CALLE;COMUNA 3;BALVANERA;CICLOVIA;BIDIRECCIONAL;0,26871305188;2010;NO SE ENCUENTRA EN UN LIMITE ENTRE COMUNAS;NO SE ENCUENTRA EN UN LIMITE ENTRE BARRIOS
91;IRALA;CALLE;COMUNA 4;LA BOCA;CICLOVIA;BIDIRECCIONAL;1,30332618541;2010;NO SE ENCUENTRA EN UN LIMITE ENTRE COMUNAS;NO SE ENCUENTRA EN UN LIMITE ENTRE BARRIOS
92;BRASIL;CALLE;COMUNA 1;CONSTITUCION;CICLOVIA;BIDIRECCIONAL;0,26541765186;2010;NO SE ENCUENTRA EN UN LIMITE ENTRE COMUNAS;NO SE ENCUENTRA EN UN LIMITE ENTRE BARRIOS
93;COCHABAMBA;CALLE;COMUNA 1;SAN TELMO;CICLOVIA;BIDIRECCIONAL;0,13042668622;2010;NO SE ENCUENTRA EN UN LIMITE ENTRE COMUNAS;NO SE ENCUENTRA EN UN LIMITE ENTRE BARRIOS
94;PARACAS;CALLE;COMUNA 4;BARRACAS;CICLOVIA;BIDIRECCIONAL;0,07914694351;2015;COMUNA 4/COMUNA 1;BARRACAS/CONSTITUCION
95;HORNOS, GRAL.;CALLE;COMUNA 4;BARRACAS;BICISENDA;BIDIRECCIONAL;2,02490714867;2011;NO SE ENCUENTRA EN UN LIMITE ENTRE COMUNAS;NO SE ENCUENTRA EN UN LIMITE ENTRE BARRIOS
96;PALOS;CALLE;COMUNA 4;LA BOCA;CICLOVIA;BIDIRECCIONAL;0,10686582520;2010;NO SE ENCUENTRA EN UN LIMITE ENTRE COMUNAS;NO SE ENCUENTRA EN UN LIMITE ENTRE BARRIOS
97;PERDRIEL;CALLE;COMUNA 4;BARRACAS;CICLOVIA;BIDIRECCIONAL;0,10489576043;2015;NO SE ENCUENTRA EN UN LIMITE ENTRE COMUNAS;NO SE ENCUENTRA EN UN LIMITE ENTRE BARRIOS
98;BAIGORRI;CALLE;COMUNA 4;BARRACAS;CICLOVIA;BIDIRECCIONAL;0,32230309220;2015;NO SE ENCUENTRA EN UN LIMITE ENTRE COMUNAS;NO SE ENCUENTRA EN UN LIMITE ENTRE BARRIOS
99;CERETTI;CALLE;COMUNA 12;VILLA URQUIZA;CICLOVIA;BIDIRECCIONAL;2,39762821572;2010;NO SE ENCUENTRA EN UN LIMITE ENTRE COMUNAS;NO SE ENCUENTRA EN UN LIMITE ENTRE BARRIOS
100;CONGRESO;CALLE;COMUNA 13;NU├æEZ;CICLOVIA;BIDIRECCIONAL;0,65581746110;2012;NO SE ENCUENTRA EN UN LIMITE ENTRE COMUNAS;NU├æEZ/BELGRANO
101;SERRANO;CALLE;COMUNA 15;VILLA CRESPO;CICLOVIA;BIDIRECCIONAL;1,20086702953;2012;NO SE ENCUENTRA EN UN LIMITE ENTRE COMUNAS;NO SE ENCUENTRA EN UN LIMITE ENTRE BARRIOS
102;LOYOLA;CALLE;COMUNA 15;VILLA CRESPO;CICLOVIA;BIDIRECCIONAL;1,50588452035;2014;NO SE ENCUENTRA EN UN LIMITE ENTRE COMUNAS;NO SE ENCUENTRA EN UN LIMITE ENTRE BARRIOS
103;MARTINEZ, ENRIQUE, GRAL.;CALLE;COMUNA 13;COLEGIALES;CICLOVIA;BIDIRECCIONAL;1,22312801797;2012;NO SE ENCUENTRA EN UN LIMITE ENTRE COMUNAS;NO SE ENCUENTRA EN UN LIMITE ENTRE BARRIOS
104;SUPERI;CALLE;COMUNA 13;COLEGIALES;CICLOVIA;BIDIRECCIONAL;0,55018965505;2012;NO SE ENCUENTRA EN UN LIMITE ENTRE COMUNAS;NO SE ENCUENTRA EN UN LIMITE ENTRE BARRIOS
105;LORETO, VIRREY;CALLE;COMUNA 13;COLEGIALES;CICLOVIA;BIDIRECCIONAL;0,07104286308;2012;NO SE ENCUENTRA EN UN LIMITE ENTRE COMUNAS;NO SE ENCUENTRA EN UN LIMITE ENTRE BARRIOS
106;11 DE SEPTIEMBRE DE 1888;CALLE;COMUNA 13;BELGRANO;CICLOVIA;BIDIRECCIONAL;0,48163821957;2012;NO SE ENCUENTRA EN UN LIMITE ENTRE COMUNAS;NO SE ENCUENTRA EN UN LIMITE ENTRE BARRIOS
107;UDAONDO, GUILLERMO AV.;AVENIDA;COMUNA 13;NU├æEZ;BICISENDA;BIDIRECCIONAL;0,26593222056;2012;NO SE ENCUENTRA EN UN LIMITE ENTRE COMUNAS;NU├æEZ/BELGRANO
108;MONROE;CALLE;COMUNA 13;BELGRANO;CICLOVIA;BIDIRECCIONAL;1,36707909763;2012;NO SE ENCUENTRA EN UN LIMITE ENTRE COMUNAS;NO SE ENCUENTRA EN UN LIMITE ENTRE BARRIOS
109;CASARES AV.;AVENIDA;COMUNA 14;PALERMO;BICISENDA;BIDIRECCIONAL;0,38055203264;2013;NO SE ENCUENTRA EN UN LIMITE ENTRE COMUNAS;NO SE ENCUENTRA EN UN LIMITE ENTRE BARRIOS
110;ROSETI;CALLE;COMUNA 15;CHACARITA;CICLOVIA;BIDIRECCIONAL;0,21179131035;2014;NO SE ENCUENTRA EN UN LIMITE ENTRE COMUNAS;NO SE ENCUENTRA EN UN LIMITE ENTRE BARRIOS
111;ARENAL, CONCEPCION;CALLE;COMUNA 13;COLEGIALES;CICLOVIA;BIDIRECCIONAL;0,20847199178;2012;NO SE ENCUENTRA EN UN LIMITE ENTRE COMUNAS;NO SE ENCUENTRA EN UN LIMITE ENTRE BARRIOS
112;GORRITI;CALLE;COMUNA 14;PALERMO;CICLOVIA;BIDIRECCIONAL;1,90305046272;2011;NO SE ENCUENTRA EN UN LIMITE ENTRE COMUNAS;NO SE ENCUENTRA EN UN LIMITE ENTRE BARRIOS
113;FREIRE, RAMON, CAP. GRAL.;CALLE;COMUNA 13;COLEGIALES;CICLOVIA;BIDIRECCIONAL;0,14598571639;2012;NO SE ENCUENTRA EN UN LIMITE ENTRE COMUNAS;NO SE ENCUENTRA EN UN LIMITE ENTRE BARRIOS
114;ESTADO DE ISRAEL AV.;AVENIDA;COMUNA 5;VILLA CRESPO;CICLOVIA;BIDIRECCIONAL;0,01810097629;2014;NO SE ENCUENTRA EN UN LIMITE ENTRE COMUNAS;NO SE ENCUENTRA EN UN LIMITE ENTRE BARRIOS
115;ALVAREZ, JULIAN;CALLE;COMUNA 14;PALERMO;CICLOVIA;BIDIRECCIONAL;1,70605410593;2013;NO SE ENCUENTRA EN UN LIMITE ENTRE COMUNAS;NO SE ENCUENTRA EN UN LIMITE ENTRE BARRIOS
116;GODOY CRUZ;CALLE;COMUNA 14;PALERMO;CICLOVIA;BIDIRECCIONAL;1,27176296564;2012;NO SE ENCUENTRA EN UN LIMITE ENTRE COMUNAS;NO SE ENCUENTRA EN UN LIMITE ENTRE BARRIOS
117;BORGES, JORGE LUIS;CALLE;COMUNA 14;PALERMO;CICLOVIA;BIDIRECCIONAL;1,15580429045;2012;NO SE ENCUENTRA EN UN LIMITE ENTRE COMUNAS;NO SE ENCUENTRA EN UN LIMITE ENTRE BARRIOS
118;BULLRICH, INT. AV.;AVENIDA;COMUNA 14;PALERMO;BICISENDA;BIDIRECCIONAL;0,83987999395;2012;NO SE ENCUENTRA EN UN LIMITE ENTRE COMUNAS;NO SE ENCUENTRA EN UN LIMITE ENTRE BARRIOS
119;CERVI├æO AV.;AVENIDA;COMUNA 14;PALERMO;CICLOVIA;BIDIRECCIONAL;0,28771390809;2012;NO SE ENCUENTRA EN UN LIMITE ENTRE COMUNAS;NO SE ENCUENTRA EN UN LIMITE ENTRE BARRIOS
120;MANSILLA, LUCIO NORBERTO, GRAL;CALLE;COMUNA 14;PALERMO;CICLOVIA;BIDIRECCIONAL;0,61621273741;2012;NO SE ENCUENTRA EN UN LIMITE ENTRE COMUNAS;NO SE ENCUENTRA EN UN LIMITE ENTRE BARRIOS
121;ROLDAN, BELISARIO AV.;AVENIDA;COMUNA 14;PALERMO;CICLOVIA;BIDIRECCIONAL;1,24125155134;2011;NO SE ENCUENTRA EN UN LIMITE ENTRE COMUNAS;NO SE ENCUENTRA EN UN LIMITE ENTRE BARRIOS
122;OLLEROS AV.;AVENIDA;COMUNA 14;PALERMO;CICLOVIA;BIDIRECCIONAL;0,15992761156;2013;NO SE ENCUENTRA EN UN LIMITE ENTRE COMUNAS;NO SE ENCUENTRA EN UN LIMITE ENTRE BARRIOS
123;ALSINA, VALENTIN AV.;AVENIDA;COMUNA 14;PALERMO;CICLOVIA;BIDIRECCIONAL;0,33428549613;2013;NO SE ENCUENTRA EN UN LIMITE ENTRE COMUNAS;NO SE ENCUENTRA EN UN LIMITE ENTRE BARRIOS
124;DE LOS OMBUES AV.;AVENIDA;COMUNA 14;PALERMO;BICISENDA;BIDIRECCIONAL;0,48605948750;2013;NO SE ENCUENTRA EN UN LIMITE ENTRE COMUNAS;NO SE ENCUENTRA EN UN LIMITE ENTRE BARRIOS
125;AUSTRIA;CALLE;COMUNA 2;RECOLETA;BICISENDA;BIDIRECCIONAL;0,19391018636;2010;NO SE ENCUENTRA EN UN LIMITE ENTRE COMUNAS;NO SE ENCUENTRA EN UN LIMITE ENTRE BARRIOS
126;WARNES;AVENIDA;COMUNA 15;VILLA CRESPO;CICLOVIA;BIDIRECCIONAL;0,01576961115;2016;NO SE ENCUENTRA EN UN LIMITE ENTRE COMUNAS;NO SE ENCUENTRA EN UN LIMITE ENTRE BARRIOS
127;GURRUCHAGA;CALLE;COMUNA 15;VILLA CRESPO;CICLOVIA;BIDIRECCIONAL;0,31114171731;2016;NO SE ENCUENTRA EN UN LIMITE ENTRE COMUNAS;NO SE ENCUENTRA EN UN LIMITE ENTRE BARRIOS
128;BLANCO ENCALADA;CALLE;COMUNA 13;BELGRANO;CICLOVIA;BIDIRECCIONAL;0,04460480299;2012;NO SE ENCUENTRA EN UN LIMITE ENTRE COMUNAS;NO SE ENCUENTRA EN UN LIMITE ENTRE BARRIOS
129;GOLFARINI, JUAN ANGEL DR.;CALLE;COMUNA 13;BELGRANO;CICLOVIA;BIDIRECCIONAL;0,12706557639;2012;NO SE ENCUENTRA EN UN LIMITE ENTRE COMUNAS;NO SE ENCUENTRA EN UN LIMITE ENTRE BARRIOS
130;OLAZABAL;CALLE;COMUNA 13;BELGRANO;CICLOVIA;BIDIRECCIONAL;0,03110637992;2012;NO SE ENCUENTRA EN UN LIMITE ENTRE COMUNAS;NO SE ENCUENTRA EN UN LIMITE ENTRE BARRIOS
131;MATHEU;CALLE;COMUNA 3;BALVANERA;CICLOVIA;BIDIRECCIONAL;0,12260898036;2014;NO SE ENCUENTRA EN UN LIMITE ENTRE COMUNAS;NO SE ENCUENTRA EN UN LIMITE ENTRE BARRIOS
132;NECOCHEA;CALLE;COMUNA 4;LA BOCA;CICLOVIA;BIDIRECCIONAL;0,09442990681;2015;NO SE ENCUENTRA EN UN LIMITE ENTRE COMUNAS;NO SE ENCUENTRA EN UN LIMITE ENTRE BARRIOS
133;CABOTO;CALLE;COMUNA 4;LA BOCA;CICLOVIA;BIDIRECCIONAL;0,36089692827;2015;NO SE ENCUENTRA EN UN LIMITE ENTRE COMUNAS;NO SE ENCUENTRA EN UN LIMITE ENTRE BARRIOS
134;PI Y MARGALL;CALLE;COMUNA 4;LA BOCA;CICLOVIA;BIDIRECCIONAL;0,06472192064;2015;NO SE ENCUENTRA EN UN LIMITE ENTRE COMUNAS;NO SE ENCUENTRA EN UN LIMITE ENTRE BARRIOS
135;BLANES, JUAN MANUEL;CALLE;COMUNA 4;LA BOCA;CICLOVIA;BIDIRECCIONAL;0,52905865416;2015;NO SE ENCUENTRA EN UN LIMITE ENTRE COMUNAS;NO SE ENCUENTRA EN UN LIMITE ENTRE BARRIOS
136;RODRIGUEZ, MARTIN;CALLE;COMUNA 4;LA BOCA;CICLOVIA;BIDIRECCIONAL;0,72200287947;2015;NO SE ENCUENTRA EN UN LIMITE ENTRE COMUNAS;NO SE ENCUENTRA EN UN LIMITE ENTRE BARRIOS
137;D'ESPOSITO, ARNALDO;CALLE;COMUNA 4;LA BOCA;CICLOVIA;BIDIRECCIONAL;0,23708197661;2015;NO SE ENCUENTRA EN UN LIMITE ENTRE COMUNAS;NO SE ENCUENTRA EN UN LIMITE ENTRE BARRIOS
138;GARCIA, TEODORO;CALLE;COMUNA 14;PALERMO;CICLOVIA;BIDIRECCIONAL;0,51389819085;2014;NO SE ENCUENTRA EN UN LIMITE ENTRE COMUNAS;NO SE ENCUENTRA EN UN LIMITE ENTRE BARRIOS
139;MOLDES;CALLE;COMUNA 13;COLEGIALES;CICLOVIA;BIDIRECCIONAL;0,68318645712;2015;NO SE ENCUENTRA EN UN LIMITE ENTRE COMUNAS;NO SE ENCUENTRA EN UN LIMITE ENTRE BARRIOS
140;GUAYAQUIL;CALLE;COMUNA 6;CABALLITO;CICLOVIA;BIDIRECCIONAL;0,14710764834;2014;NO SE ENCUENTRA EN UN LIMITE ENTRE COMUNAS;NO SE ENCUENTRA EN UN LIMITE ENTRE BARRIOS
141;CHICLANA AV.;AVENIDA;COMUNA 3;SAN CRISTOBAL;CICLOVIA;BIDIRECCIONAL;0,05924672068;2015;NO SE ENCUENTRA EN UN LIMITE ENTRE COMUNAS;NO SE ENCUENTRA EN UN LIMITE ENTRE BARRIOS
142;ZAVALETA;CALLE;COMUNA 4;PARQUE PATRICIOS;CICLOVIA;BIDIRECCIONAL;0,27301528527;2015;NO SE ENCUENTRA EN UN LIMITE ENTRE COMUNAS;NO SE ENCUENTRA EN UN LIMITE ENTRE BARRIOS
143;BOLIVAR;CALLE;COMUNA 4;BARRACAS;CICLOVIA;BIDIRECCIONAL;0,01881110001;2015;NO SE ENCUENTRA EN UN LIMITE ENTRE COMUNAS;NO SE ENCUENTRA EN UN LIMITE ENTRE BARRIOS
144;SAMPERIO, MANUEL J.;CALLE;COMUNA 4;BARRACAS;BICISENDA;BIDIRECCIONAL;0,14448360546;2015;NO SE ENCUENTRA EN UN LIMITE ENTRE COMUNAS;NO SE ENCUENTRA EN UN LIMITE ENTRE BARRIOS
145;COMPLEJO CIUDAD UNIVERSITARIA (SIN NOMBRE OFICIAL);SENDERO;COMUNA 13;BELGRANO;BICISENDA;BIDIRECCIONAL;1,15400360221;2015;NO SE ENCUENTRA EN UN LIMITE ENTRE COMUNAS;NO SE ENCUENTRA EN UN LIMITE ENTRE BARRIOS
146;CUCHA CUCHA;CALLE;COMUNA 15;LA PATERNAL;CICLOVIA;BIDIRECCIONAL;0,29593932017;2016;NO SE ENCUENTRA EN UN LIMITE ENTRE COMUNAS;NO SE ENCUENTRA EN UN LIMITE ENTRE BARRIOS
147;POLA;CALLE;COMUNA 9;MATADEROS;CICLOVIA;BIDIRECCIONAL;1,73398333361;2017;NO SE ENCUENTRA EN UN LIMITE ENTRE COMUNAS;NO SE ENCUENTRA EN UN LIMITE ENTRE BARRIOS
148;MARTINEZ CASTRO;CALLE;COMUNA 9;PARQUE AVELLANEDA;CICLOVIA;BIDIRECCIONAL;1,29310194857;2017;NO SE ENCUENTRA EN UN LIMITE ENTRE COMUNAS;NO SE ENCUENTRA EN UN LIMITE ENTRE BARRIOS
149;PRIMERA JUNTA;CALLE;COMUNA 7;FLORES;CICLOVIA;BIDIRECCIONAL;0,69282593292;2017;NO SE ENCUENTRA EN UN LIMITE ENTRE COMUNAS;NO SE ENCUENTRA EN UN LIMITE ENTRE BARRIOS
150;PEDERNERA;CALLE;COMUNA 7;FLORES;CICLOVIA;BIDIRECCIONAL;0,96330737460;2017;NO SE ENCUENTRA EN UN LIMITE ENTRE COMUNAS;NO SE ENCUENTRA EN UN LIMITE ENTRE BARRIOS
151;CULPINA;CALLE;COMUNA 7;FLORES;CICLOVIA;BIDIRECCIONAL;0,93420034021;2017;NO SE ENCUENTRA EN UN LIMITE ENTRE COMUNAS;NO SE ENCUENTRA EN UN LIMITE ENTRE BARRIOS
152;CONSTITUCION;CALLE;COMUNA 1;CONSTITUCION;CICLOVIA;BIDIRECCIONAL;0,16493845800;2017;NO SE ENCUENTRA EN UN LIMITE ENTRE COMUNAS;NO SE ENCUENTRA EN UN LIMITE ENTRE BARRIOS
153;SANCHEZ DE LORIA;CALLE;COMUNA 3;BALVANERA;CICLOVIA;BIDIRECCIONAL;0,22879071918;2017;COMUNA 3/COMUNA 5;BALVANERA/ALMAGRO
154;VICTOR HUGO;CALLE;COMUNA 10;VILLA LURO;CICLOVIA;BIDIRECCIONAL;0,75667039843;2017;NO SE ENCUENTRA EN UN LIMITE ENTRE COMUNAS;NO SE ENCUENTRA EN UN LIMITE ENTRE BARRIOS
155;QUESADA;CALLE;COMUNA 13;NU├æEZ;CICLOVIA;BIDIRECCIONAL;0,06632817149;2018;NO SE ENCUENTRA EN UN LIMITE ENTRE COMUNAS;NO SE ENCUENTRA EN UN LIMITE ENTRE BARRIOS
156;LA PAMPA;CALLE;COMUNA 12;VILLA URQUIZA;CICLOVIA;BIDIRECCIONAL;1,21528529539;2013;COMUNA 12/COMUNA 15;VILLA URQUIZA/VILLA ORTUZAR
157;CONSTITUCION;CALLE;COMUNA 1;CONSTITUCION;CICLOVIA;BIDIRECCIONAL;0,27149488685;2018;NO SE ENCUENTRA EN UN LIMITE ENTRE COMUNAS;NO SE ENCUENTRA EN UN LIMITE ENTRE BARRIOS
158;ORO├æO, NICASIO;CALLE;COMUNA 15;LA PATERNAL;CICLOVIA;BIDIRECCIONAL;0,50974637693;2016;NO SE ENCUENTRA EN UN LIMITE ENTRE COMUNAS;NO SE ENCUENTRA EN UN LIMITE ENTRE BARRIOS
159;LAUTARO;CALLE;COMUNA 7;FLORES;CICLOVIA;BIDIRECCIONAL;0,25289572679;2017;NO SE ENCUENTRA EN UN LIMITE ENTRE COMUNAS;NO SE ENCUENTRA EN UN LIMITE ENTRE BARRIOS
160;CUBA;CALLE;COMUNA 13;NU├æEZ;CICLOVIA;BIDIRECCIONAL;0,14289969755;2017;NO SE ENCUENTRA EN UN LIMITE ENTRE COMUNAS;NO SE ENCUENTRA EN UN LIMITE ENTRE BARRIOS
161;SOLER;CALLE;COMUNA 14;PALERMO;CICLOVIA;BIDIRECCIONAL;0,28554963696;2018;NO SE ENCUENTRA EN UN LIMITE ENTRE COMUNAS;NO SE ENCUENTRA EN UN LIMITE ENTRE BARRIOS
162;HUMBOLDT;CALLE;COMUNA 14;PALERMO;CICLOVIA;BIDIRECCIONAL;0,08152559473;2018;NO SE ENCUENTRA EN UN LIMITE ENTRE COMUNAS;NO SE ENCUENTRA EN UN LIMITE ENTRE BARRIOS
163;OLLEROS;CALLE;COMUNA 13;COLEGIALES;CICLOVIA;BIDIRECCIONAL;0,21417982621;2018;NO SE ENCUENTRA EN UN LIMITE ENTRE COMUNAS;NO SE ENCUENTRA EN UN LIMITE ENTRE BARRIOS
164;AMENABAR;CALLE;COMUNA 13;COLEGIALES;CICLOVIA;BIDIRECCIONAL;0,20817907321;2018;NO SE ENCUENTRA EN UN LIMITE ENTRE COMUNAS;NO SE ENCUENTRA EN UN LIMITE ENTRE BARRIOS
165;MANSILLA, LUCIO NORBERTO, GRAL;CALLE;COMUNA 2;RECOLETA;CICLOVIA;BIDIRECCIONAL;0,81692354201;2019;NO SE ENCUENTRA EN UN LIMITE ENTRE COMUNAS;NO SE ENCUENTRA EN UN LIMITE ENTRE BARRIOS
166;FRAY CAYETANO RODRIGUEZ;CALLE;COMUNA 7;FLORES;CICLOVIA;BIDIRECCIONAL;0,61203403901;2020;NO SE ENCUENTRA EN UN LIMITE ENTRE COMUNAS;NO SE ENCUENTRA EN UN LIMITE ENTRE BARRIOS
167;SAN NICOLAS;CALLE;COMUNA 11;VILLA SANTA RITA;CICLOVIA;BIDIRECCIONAL;0,14130502562;2018;NO SE ENCUENTRA EN UN LIMITE ENTRE COMUNAS;NO SE ENCUENTRA EN UN LIMITE ENTRE BARRIOS
168;USPALLATA;CALLE;COMUNA 4;PARQUE PATRICIOS;CICLOVIA;BIDIRECCIONAL;0,94497004447;2015;NO SE ENCUENTRA EN UN LIMITE ENTRE COMUNAS;NO SE ENCUENTRA EN UN LIMITE ENTRE BARRIOS
169;GARAY, JAUN DE AV.;AVENIDA;COMUNA 1;CONSTITUCION;CICLOVIA;BIDIRECCIONAL;0,41383412448;2017;NO SE ENCUENTRA EN UN LIMITE ENTRE COMUNAS;NO SE ENCUENTRA EN UN LIMITE ENTRE BARRIOS
170;LIMA;CALLE;COMUNA 1;CONSTITUCION;CICLOVIA;BIDIRECCIONAL;0,10830240166;2017;NO SE ENCUENTRA EN UN LIMITE ENTRE COMUNAS;NO SE ENCUENTRA EN UN LIMITE ENTRE BARRIOS
171;LA PAMPA;CALLE;COMUNA 13;BELGRANO;CICLOVIA;BIDIRECCIONAL;0,35971966007;2018;NO SE ENCUENTRA EN UN LIMITE ENTRE COMUNAS;NO SE ENCUENTRA EN UN LIMITE ENTRE BARRIOS
172;PEREZ, ROQUE;CALLE;COMUNA 12;SAAVEDRA;BICISENDA;BIDIRECCIONAL;0,12479343848;2017;NO SE ENCUENTRA EN UN LIMITE ENTRE COMUNAS;NO SE ENCUENTRA EN UN LIMITE ENTRE BARRIOS
173;FREIRE, RAMON, CAP. GRAL.;CALLE;COMUNA 12;SAAVEDRA;CICLOVIA;BIDIRECCIONAL;0,15618304731;2017;NO SE ENCUENTRA EN UN LIMITE ENTRE COMUNAS;NO SE ENCUENTRA EN UN LIMITE ENTRE BARRIOS
174;VILELA;CALLE;COMUNA 12;SAAVEDRA;BICISENDA;BIDIRECCIONAL;0,41750607264;2017;NO SE ENCUENTRA EN UN LIMITE ENTRE COMUNAS;NO SE ENCUENTRA EN UN LIMITE ENTRE BARRIOS
175;PINTO;CALLE;COMUNA 12;SAAVEDRA;CICLOVIA;BIDIRECCIONAL;0,10094796382;2017;NO SE ENCUENTRA EN UN LIMITE ENTRE COMUNAS;NO SE ENCUENTRA EN UN LIMITE ENTRE BARRIOS
176;GARCIA DEL RIO;CALLE;COMUNA 12;SAAVEDRA;BICISENDA;BIDIRECCIONAL;0,43263745010;2017;NO SE ENCUENTRA EN UN LIMITE ENTRE COMUNAS;NO SE ENCUENTRA EN UN LIMITE ENTRE BARRIOS
177;MELIAN AV.;AVENIDA;COMUNA 12;SAAVEDRA;BICISENDA;BIDIRECCIONAL;0,12225258139;2017;NO SE ENCUENTRA EN UN LIMITE ENTRE COMUNAS;NO SE ENCUENTRA EN UN LIMITE ENTRE BARRIOS
178;RONDEAU;CALLE;COMUNA 5;BOEDO;CICLOVIA;BIDIRECCIONAL;0,34832947314;2011;NO SE ENCUENTRA EN UN LIMITE ENTRE COMUNAS;NO SE ENCUENTRA EN UN LIMITE ENTRE BARRIOS
179;PATRICIAS  ARGENTINAS AV.;AVENIDA;COMUNA 6;CABALLITO;BICISENDA;BIDIRECCIONAL;0,91173393726;2013;NO SE ENCUENTRA EN UN LIMITE ENTRE COMUNAS;NO SE ENCUENTRA EN UN LIMITE ENTRE BARRIOS
180;RABANAL, FRANCISCO, INTENDENTE AV.;AVENIDA;COMUNA 8;VILLA SOLDATI;BICISENDA;BIDIRECCIONAL;1,34322317002;2013;NO SE ENCUENTRA EN UN LIMITE ENTRE COMUNAS;NO SE ENCUENTRA EN UN LIMITE ENTRE BARRIOS
181;ROCA, CNEL.;AVENIDA;COMUNA 8;VILLA SOLDATI;BICISENDA;BIDIRECCIONAL;1,97415557773;2014;NO SE ENCUENTRA EN UN LIMITE ENTRE COMUNAS;NO SE ENCUENTRA EN UN LIMITE ENTRE BARRIOS
182;BLANCO ENCALADA;CALLE;COMUNA 12;VILLA URQUIZA;CICLOVIA;BIDIRECCIONAL;2,21475678665;2018;NO SE ENCUENTRA EN UN LIMITE ENTRE COMUNAS;NO SE ENCUENTRA EN UN LIMITE ENTRE BARRIOS
183;FRAGATA PRES. SARMIENTO;CALLE;COMUNA 6;CABALLITO;CICLOVIA;BIDIRECCIONAL;1,17484445409;2018;NO SE ENCUENTRA EN UN LIMITE ENTRE COMUNAS;NO SE ENCUENTRA EN UN LIMITE ENTRE BARRIOS
184;SARMIENTO;CALLE;COMUNA 1;SAN NICOLAS;CICLOVIA;BIDIRECCIONAL;0,87970566515;2014;NO SE ENCUENTRA EN UN LIMITE ENTRE COMUNAS;NO SE ENCUENTRA EN UN LIMITE ENTRE BARRIOS
185;VERA PE├æALOZA, ROSARIO;CALLE;COMUNA 1;PUERTO MADERO;BICISENDA;BIDIRECCIONAL;0,56647469743;2017;NO SE ENCUENTRA EN UN LIMITE ENTRE COMUNAS;NO SE ENCUENTRA EN UN LIMITE ENTRE BARRIOS
186;MILLER;CALLE;COMUNA 12;SAAVEDRA;CICLOVIA;BIDIRECCIONAL;1,60154690059;2018;NO SE ENCUENTRA EN UN LIMITE ENTRE COMUNAS;NO SE ENCUENTRA EN UN LIMITE ENTRE BARRIOS
187;AMENABAR;CALLE;COMUNA 13;BELGRANO;CICLOVIA;BIDIRECCIONAL;1,04588187471;2018;NO SE ENCUENTRA EN UN LIMITE ENTRE COMUNAS;NO SE ENCUENTRA EN UN LIMITE ENTRE BARRIOS
188;RAVIGNANI, EMILIO, DR.;CALLE;COMUNA 14;PALERMO;CICLOVIA;BIDIRECCIONAL;0,71058100092;2018;NO SE ENCUENTRA EN UN LIMITE ENTRE COMUNAS;NO SE ENCUENTRA EN UN LIMITE ENTRE BARRIOS
189;11 DE SEPTIEMBRE DE 1888;CALLE;COMUNA 13;BELGRANO;CICLOVIA;BIDIRECCIONAL;0,50825787971;2018;NO SE ENCUENTRA EN UN LIMITE ENTRE COMUNAS;NO SE ENCUENTRA EN UN LIMITE ENTRE BARRIOS
190;PEPIRI;CALLE;COMUNA 4;PARQUE PATRICIOS;CICLOVIA;BIDIRECCIONAL;0,89586236701;2019;NO SE ENCUENTRA EN UN LIMITE ENTRE COMUNAS;NO SE ENCUENTRA EN UN LIMITE ENTRE BARRIOS
191;ECHEVERRIA;CALLE;COMUNA 13;BELGRANO;CICLOVIA;BIDIRECCIONAL;1,49293993584;2018;NO SE ENCUENTRA EN UN LIMITE ENTRE COMUNAS;NO SE ENCUENTRA EN UN LIMITE ENTRE BARRIOS
192;TAMBOR DE TACUARI;CALLE;COMUNA 13;NU├æEZ;BICISENDA;BIDIRECCIONAL;0,85068826548;2021;NO SE ENCUENTRA EN UN LIMITE ENTRE COMUNAS;NO SE ENCUENTRA EN UN LIMITE ENTRE BARRIOS
193;SARMIENTO AV.;AVENIDA;COMUNA 14;PALERMO;BICISENDA;BIDIRECCIONAL;0,51223417328;2016;NO SE ENCUENTRA EN UN LIMITE ENTRE COMUNAS;NO SE ENCUENTRA EN UN LIMITE ENTRE BARRIOS
194;AV. SARMIENTO;AVENIDA;COMUNA 14;PALERMO;BICISENDA;BIDIRECCIONAL;0,76953539162;2010;NO SE ENCUENTRA EN UN LIMITE ENTRE COMUNAS;NO SE ENCUENTRA EN UN LIMITE ENTRE BARRIOS
195;ESTRADA;CALLE;COMUNA 7;PARQUE CHACABUCO;CICLOVIA;BIDIRECCIONAL;0,65582759078;2019;NO SE ENCUENTRA EN UN LIMITE ENTRE COMUNAS;NO SE ENCUENTRA EN UN LIMITE ENTRE BARRIOS
196;MAIPU AV.;AVENIDA;COMUNA 1;RETIRO;BICISENDA;BIDIRECCIONAL;0,22635554921;2017;NO SE ENCUENTRA EN UN LIMITE ENTRE COMUNAS;NO SE ENCUENTRA EN UN LIMITE ENTRE BARRIOS
197;AZOPARDO;CALLE;COMUNA 1;SAN TELMO;CICLOVIA;BIDIRECCIONAL;0,27773470215;2010;NO SE ENCUENTRA EN UN LIMITE ENTRE COMUNAS;NO SE ENCUENTRA EN UN LIMITE ENTRE BARRIOS
198;ADOLFO ALSINA;CALLE;COMUNA 1;MONSERRAT;CICLOVIA;UNIDIRECCIONAL;1,69314401767;2011;NO SE ENCUENTRA EN UN LIMITE ENTRE COMUNAS;NO SE ENCUENTRA EN UN LIMITE ENTRE BARRIOS
199;DOBLAS;CALLE;COMUNA 6;CABALLITO;CICLOVIA;UNIDIRECCIONAL;0,12375905815;2014;NO SE ENCUENTRA EN UN LIMITE ENTRE COMUNAS;NO SE ENCUENTRA EN UN LIMITE ENTRE BARRIOS
200;DOBLAS;CALLE;COMUNA 6;CABALLITO;CICLOVIA;UNIDIRECCIONAL;0,14079439119;2014;NO SE ENCUENTRA EN UN LIMITE ENTRE COMUNAS;NO SE ENCUENTRA EN UN LIMITE ENTRE BARRIOS
201;ESTADO PLURINACIONAL DE BOLIVIA;CALLE;COMUNA 15;AGRONOMIA;CICLOVIA;BIDIRECCIONAL;0,60012301699;2017;NO SE ENCUENTRA EN UN LIMITE ENTRE COMUNAS;NO SE ENCUENTRA EN UN LIMITE ENTRE BARRIOS
202;PAVON;CALLE;COMUNA 3;SAN CRISTOBAL;CICLOVIA;BIDIRECCIONAL;0,61717442990;2018;NO SE ENCUENTRA EN UN LIMITE ENTRE COMUNAS;NO SE ENCUENTRA EN UN LIMITE ENTRE BARRIOS
203;OLAGUER Y FELIU, VIRREY;CALLE;COMUNA 13;COLEGIALES;CICLOVIA;BIDIRECCIONAL;0,09377362310;2019;NO SE ENCUENTRA EN UN LIMITE ENTRE COMUNAS;NO SE ENCUENTRA EN UN LIMITE ENTRE BARRIOS
204;PEDRAZA, MANUELA;CALLE;COMUNA 12;VILLA URQUIZA;CICLOVIA;BIDIRECCIONAL;1,89285531431;2018;NO SE ENCUENTRA EN UN LIMITE ENTRE COMUNAS;NO SE ENCUENTRA EN UN LIMITE ENTRE BARRIOS
205;TRONADOR;CALLE;COMUNA 12;COGHLAN;CICLOVIA;BIDIRECCIONAL;0,27351576867;2018;NO SE ENCUENTRA EN UN LIMITE ENTRE COMUNAS;NO SE ENCUENTRA EN UN LIMITE ENTRE BARRIOS
206;IBERA;CALLE;COMUNA 12;COGHLAN;CICLOVIA;BIDIRECCIONAL;0,61711943364;2018;NO SE ENCUENTRA EN UN LIMITE ENTRE COMUNAS;NO SE ENCUENTRA EN UN LIMITE ENTRE BARRIOS
207;LUGONES;CALLE;COMUNA 12;VILLA URQUIZA;CICLOVIA;BIDIRECCIONAL;0,72981614345;2019;NO SE ENCUENTRA EN UN LIMITE ENTRE COMUNAS;NO SE ENCUENTRA EN UN LIMITE ENTRE BARRIOS
208;RIGLOS;CALLE;COMUNA 6;CABALLITO;CICLOVIA;BIDIRECCIONAL;0,41836927711;2019;NO SE ENCUENTRA EN UN LIMITE ENTRE COMUNAS;NO SE ENCUENTRA EN UN LIMITE ENTRE BARRIOS
209;DEL BARCO CENTENERA;CALLE;COMUNA 7;PARQUE CHACABUCO;CICLOVIA;BIDIRECCIONAL;0,31379163301;2019;NO SE ENCUENTRA EN UN LIMITE ENTRE COMUNAS;NO SE ENCUENTRA EN UN LIMITE ENTRE BARRIOS
210;PICHEUTA;CALLE;COMUNA 7;PARQUE CHACABUCO;CICLOVIA;BIDIRECCIONAL;0,58210298108;2019;NO SE ENCUENTRA EN UN LIMITE ENTRE COMUNAS;NO SE ENCUENTRA EN UN LIMITE ENTRE BARRIOS
211;TUCUMAN;CALLE;COMUNA 1;SAN NICOLAS;CICLOVIA;BIDIRECCIONAL;0,13147683447;2019;NO SE ENCUENTRA EN UN LIMITE ENTRE COMUNAS;NO SE ENCUENTRA EN UN LIMITE ENTRE BARRIOS
212;SANTIAGO DEL ESTERO;CALLE;COMUNA 1;CONSTITUCION;CICLOVIA;BIDIRECCIONAL;0,13811599800;2012;NO SE ENCUENTRA EN UN LIMITE ENTRE COMUNAS;NO SE ENCUENTRA EN UN LIMITE ENTRE BARRIOS
213;PATRON;CALLE;COMUNA 9;LINIERS;CICLOVIA;BIDIRECCIONAL;1,98666471946;2019;NO SE ENCUENTRA EN UN LIMITE ENTRE COMUNAS;NO SE ENCUENTRA EN UN LIMITE ENTRE BARRIOS
214;ESTRADA;CALLE;COMUNA 7;PARQUE CHACABUCO;CICLOVIA;BIDIRECCIONAL;0,54185338311;2019;NO SE ENCUENTRA EN UN LIMITE ENTRE COMUNAS;NO SE ENCUENTRA EN UN LIMITE ENTRE BARRIOS
215;HUMBOLDT;CALLE;COMUNA 14;PALERMO;CICLOVIA;BIDIRECCIONAL;0,27373919646;2019;NO SE ENCUENTRA EN UN LIMITE ENTRE COMUNAS;NO SE ENCUENTRA EN UN LIMITE ENTRE BARRIOS
216;ACHAVAL;CALLE;COMUNA 6;CABALLITO;CICLOVIA;BIDIRECCIONAL;0,14229196468;2011;NO SE ENCUENTRA EN UN LIMITE ENTRE COMUNAS;NO SE ENCUENTRA EN UN LIMITE ENTRE BARRIOS
217;SENDERO PARQUE CHACABUCO (NO OFICIAL);SENDERO;COMUNA 7;PARQUE CHACABUCO;BICISENDA;BIDIRECCIONAL;0,41488937335;2020;NO SE ENCUENTRA EN UN LIMITE ENTRE COMUNAS;NO SE ENCUENTRA EN UN LIMITE ENTRE BARRIOS
218;QUITO;CALLE;COMUNA 5;ALMAGRO;CICLOVIA;BIDIRECCIONAL;0,40258666017;2019;NO SE ENCUENTRA EN UN LIMITE ENTRE COMUNAS;NO SE ENCUENTRA EN UN LIMITE ENTRE BARRIOS
219;BARRIO 31 (NO OFICIAL);CALLE;COMUNA 1;RETIRO;CICLOVIA;BIDIRECCIONAL;0,55652573852;2019;NO SE ENCUENTRA EN UN LIMITE ENTRE COMUNAS;NO SE ENCUENTRA EN UN LIMITE ENTRE BARRIOS
220;MOREAU DE JUSTO, ALICIA. AV.;AVENIDA;COMUNA 1;PUERTO MADERO;BICISENDA;BIDIRECCIONAL;2,19281611825;2019;NO SE ENCUENTRA EN UN LIMITE ENTRE COMUNAS;NO SE ENCUENTRA EN UN LIMITE ENTRE BARRIOS
221;DON PEDRO DE MENDOZA. AV.;AVENIDA;COMUNA 4;LA BOCA;BICISENDA;BIDIRECCIONAL;0,45952814501;2017;NO SE ENCUENTRA EN UN LIMITE ENTRE COMUNAS;NO SE ENCUENTRA EN UN LIMITE ENTRE BARRIOS
222;CALZADA CIRCULAR PLAZA ITALIA;AVENIDA;COMUNA 14;PALERMO;BICISENDA;BIDIRECCIONAL;0,17857284183;2019;NO SE ENCUENTRA EN UN LIMITE ENTRE COMUNAS;NO SE ENCUENTRA EN UN LIMITE ENTRE BARRIOS
223;PUENTE CIUDAD UNIVERSITARIA;PUENTE;COMUNA 13;BELGRANO;BICISENDA;BIDIRECCIONAL;0,24782577251;2019;NO SE ENCUENTRA EN UN LIMITE ENTRE COMUNAS;NO SE ENCUENTRA EN UN LIMITE ENTRE BARRIOS
224;CAMINO DE SIRGA;CALLE;COMUNA 4;POMPEYA;CICLOVIA;BIDIRECCIONAL;0,60661946199;2012;NO SE ENCUENTRA EN UN LIMITE ENTRE COMUNAS;NO SE ENCUENTRA EN UN LIMITE ENTRE BARRIOS
225;PUEYRREDON AV.;AVENIDA;COMUNA 2;RECOLETA;BICISENDA;BIDIRECCIONAL;0,17047282847;2019;NO SE ENCUENTRA EN UN LIMITE ENTRE COMUNAS;NO SE ENCUENTRA EN UN LIMITE ENTRE BARRIOS
226;DIAZ, CESAR, GRAL.;CALLE;COMUNA 11;VILLA SANTA RITA;CICLOVIA;BIDIRECCIONAL;0,41931375476;2019;NO SE ENCUENTRA EN UN LIMITE ENTRE COMUNAS;NO SE ENCUENTRA EN UN LIMITE ENTRE BARRIOS
227;MONTEVIDEO;CALLE;COMUNA 1;RETIRO;CICLOVIA;BIDIRECCIONAL;0,57994271660;2011;COMUNA 1/COMUNA 2;RETIRO/RECOLETA
228;RAMOS MEJ├ìA, JOSE MAR├ìA, DR AV.;AVENIDA;COMUNA 1;RETIRO;BICISENDA;BIDIRECCIONAL;0,23412501731;2010;NO SE ENCUENTRA EN UN LIMITE ENTRE COMUNAS;NO SE ENCUENTRA EN UN LIMITE ENTRE BARRIOS
229;GILARDI, GILARDO;CALLE;COMUNA 1;RETIRO;BICISENDA;BIDIRECCIONAL;0,19216471612;2010;NO SE ENCUENTRA EN UN LIMITE ENTRE COMUNAS;NO SE ENCUENTRA EN UN LIMITE ENTRE BARRIOS
230;SAN MART├ìN;CALLE;COMUNA 1;RETIRO;BICISENDA;BIDIRECCIONAL;0,21087819704;2010;NO SE ENCUENTRA EN UN LIMITE ENTRE COMUNAS;NO SE ENCUENTRA EN UN LIMITE ENTRE BARRIOS
231;DEL LIBERTADOR AV.;AVENIDA;COMUNA 1;RETIRO;BICISENDA;BIDIRECCIONAL;0,16321685067;2010;NO SE ENCUENTRA EN UN LIMITE ENTRE COMUNAS;NO SE ENCUENTRA EN UN LIMITE ENTRE BARRIOS
232;PERETTE, CARLOS H.;CALLE;COMUNA 1;RETIRO;CICLOVIA;BIDIRECCIONAL;0,38253899389;2019;NO SE ENCUENTRA EN UN LIMITE ENTRE COMUNAS;NO SE ENCUENTRA EN UN LIMITE ENTRE BARRIOS
233;SIN NOMBRE OFICIAL (VILLA 31);CALLE;COMUNA 1;RETIRO;BICISENDA;BIDIRECCIONAL;0,29900740924;2019;NO SE ENCUENTRA EN UN LIMITE ENTRE COMUNAS;NO SE ENCUENTRA EN UN LIMITE ENTRE BARRIOS
234;ARENALES;CALLE;COMUNA 1;RETIRO;CICLOVIA;BIDIRECCIONAL;0,55871167284;2014;NO SE ENCUENTRA EN UN LIMITE ENTRE COMUNAS;NO SE ENCUENTRA EN UN LIMITE ENTRE BARRIOS
235;ALVEAR, MARCELO T. DE;CALLE;COMUNA 1;RETIRO;CICLOVIA;BIDIRECCIONAL;1,36594536024;2014;NO SE ENCUENTRA EN UN LIMITE ENTRE COMUNAS;NO SE ENCUENTRA EN UN LIMITE ENTRE BARRIOS
236;SAN MART├ìN;CALLE;COMUNA 1;SAN NICOLAS;CICLOVIA;BIDIRECCIONAL;1,03524165972;2014;NO SE ENCUENTRA EN UN LIMITE ENTRE COMUNAS;NO SE ENCUENTRA EN UN LIMITE ENTRE BARRIOS
237;TUCUMAN;CALLE;COMUNA 1;SAN NICOLAS;CICLOVIA;BIDIRECCIONAL;0,54299481499;2017;NO SE ENCUENTRA EN UN LIMITE ENTRE COMUNAS;NO SE ENCUENTRA EN UN LIMITE ENTRE BARRIOS
238;MONTEVIDEO;CALLE;COMUNA 2;RECOLETA;CICLOVIA;BIDIRECCIONAL;0,25874027330;2011;NO SE ENCUENTRA EN UN LIMITE ENTRE COMUNAS;NO SE ENCUENTRA EN UN LIMITE ENTRE BARRIOS
239;MONTEVIDEO;CALLE;COMUNA 2;RECOLETA;CICLOVIA;BIDIRECCIONAL;0,24925654186;2014;NO SE ENCUENTRA EN UN LIMITE ENTRE COMUNAS;NO SE ENCUENTRA EN UN LIMITE ENTRE BARRIOS
240;VILLAFLOR, AZUCENA;CALLE;COMUNA 1;PUERTO MADERO;BICISENDA;BIDIRECCIONAL;0,07701773737;2019;NO SE ENCUENTRA EN UN LIMITE ENTRE COMUNAS;NO SE ENCUENTRA EN UN LIMITE ENTRE BARRIOS
241;AZOPARDO;CALLE;COMUNA 4;LA BOCA;CICLOVIA;BIDIRECCIONAL;0,16727771972;2015;NO SE ENCUENTRA EN UN LIMITE ENTRE COMUNAS;NO SE ENCUENTRA EN UN LIMITE ENTRE BARRIOS
242;PASEO COLON AV.;AVENIDA;COMUNA 1;SAN TELMO;BICISENDA;BIDIRECCIONAL;0,21599052077;2010;COMUNA 1/COMUNA 4;SAN TELMO/LA BOCA
243;PERON, JUAN DOMINGO, TTE, GRAL.;CALLE;COMUNA 3;BALVANERA;CICLOVIA;UNIDIRECCIONAL;1,16301130101;2011;NO SE ENCUENTRA EN UN LIMITE ENTRE COMUNAS;NO SE ENCUENTRA EN UN LIMITE ENTRE BARRIOS
244;CHILE;CALLE;COMUNA 3;BALVANERA;CICLOVIA;BIDIRECCIONAL;0,77875629254;2014;NO SE ENCUENTRA EN UN LIMITE ENTRE COMUNAS;NO SE ENCUENTRA EN UN LIMITE ENTRE BARRIOS
245;CALVO, CARLOS;CALLE;COMUNA 1;CONSTITUCION;CICLOVIA;BIDIRECCIONAL;1,05320180671;2010;NO SE ENCUENTRA EN UN LIMITE ENTRE COMUNAS;NO SE ENCUENTRA EN UN LIMITE ENTRE BARRIOS
246;CALVO, CARLOS;CALLE;COMUNA 3;SAN CRISTOBAL;CICLOVIA;BIDIRECCIONAL;0,14261069280;2010;NO SE ENCUENTRA EN UN LIMITE ENTRE COMUNAS;NO SE ENCUENTRA EN UN LIMITE ENTRE BARRIOS
247;BRASIL;AVENIDA;COMUNA 1;SAN TELMO;CICLOVIA;BIDIRECCIONAL;0,13640048320;2010;COMUNA 1/COMUNA 4;SAN TELMO/LA BOCA
248;SAN JUAN AV.;AVENIDA;COMUNA 3;SAN CRISTOBAL;CICLOVIA;BIDIRECCIONAL;0,03872622076;2010;NO SE ENCUENTRA EN UN LIMITE ENTRE COMUNAS;NO SE ENCUENTRA EN UN LIMITE ENTRE BARRIOS
249;ITUZAINGO;CALLE;COMUNA 4;BARRACAS;CICLOVIA;BIDIRECCIONAL;0,07919314519;2015;NO SE ENCUENTRA EN UN LIMITE ENTRE COMUNAS;NO SE ENCUENTRA EN UN LIMITE ENTRE BARRIOS
250;DEL LIBERTADOR AV.;AVENIDA;COMUNA 1;RETIRO;BICISENDA;BIDIRECCIONAL;0,48893696143;2010;NO SE ENCUENTRA EN UN LIMITE ENTRE COMUNAS;NO SE ENCUENTRA EN UN LIMITE ENTRE BARRIOS
251;DEL LIBERTADOR AV.;AVENIDA;COMUNA 2;RECOLETA;BICISENDA;BIDIRECCIONAL;0,21987067471;2010;NO SE ENCUENTRA EN UN LIMITE ENTRE COMUNAS;NO SE ENCUENTRA EN UN LIMITE ENTRE BARRIOS
252;FIGUEROA  ALCORTA, PRES. AV.;AVENIDA;COMUNA 2;RECOLETA;BICISENDA;BIDIRECCIONAL;1,07884635297;2010;NO SE ENCUENTRA EN UN LIMITE ENTRE COMUNAS;NO SE ENCUENTRA EN UN LIMITE ENTRE BARRIOS
253;DEL LIBERTADOR AV.;AVENIDA;COMUNA 2;RECOLETA;BICISENDA;BIDIRECCIONAL;0,20103115760;2010;NO SE ENCUENTRA EN UN LIMITE ENTRE COMUNAS;NO SE ENCUENTRA EN UN LIMITE ENTRE BARRIOS
254;SENDERO PEATONAL PUEYRREDON;SENDERO;COMUNA 2;RECOLETA;BICISENDA;BIDIRECCIONAL;0,12758681475;2019;NO SE ENCUENTRA EN UN LIMITE ENTRE COMUNAS;NO SE ENCUENTRA EN UN LIMITE ENTRE BARRIOS
255;DIAZ, CNEL. AV.;AVENIDA;COMUNA 14;PALERMO;CICLOVIA;BIDIRECCIONAL;0,35537497464;2012;NO SE ENCUENTRA EN UN LIMITE ENTRE COMUNAS;NO SE ENCUENTRA EN UN LIMITE ENTRE BARRIOS
256;ECUADOR;CALLE;COMUNA 3;BALVANERA;CICLOVIA;BIDIRECCIONAL;0,71976135973;2017;NO SE ENCUENTRA EN UN LIMITE ENTRE COMUNAS;NO SE ENCUENTRA EN UN LIMITE ENTRE BARRIOS
257;BILLINGHURST;CALLE;COMUNA 2;RECOLETA;CICLOVIA;BIDIRECCIONAL;0,60851095157;2011;NO SE ENCUENTRA EN UN LIMITE ENTRE COMUNAS;NO SE ENCUENTRA EN UN LIMITE ENTRE BARRIOS
258;GORRITI;CALLE;COMUNA 2;RECOLETA;CICLOVIA;BIDIRECCIONAL;0,11191978961;2010;NO SE ENCUENTRA EN UN LIMITE ENTRE COMUNAS;NO SE ENCUENTRA EN UN LIMITE ENTRE BARRIOS
259;CHARCAS;CALLE;COMUNA 2;RECOLETA;CICLOVIA;BIDIRECCIONAL;0,14043911743;2019;NO SE ENCUENTRA EN UN LIMITE ENTRE COMUNAS;NO SE ENCUENTRA EN UN LIMITE ENTRE BARRIOS
260;TUCUMAN;CALLE;COMUNA 5;ALMAGRO;CICLOVIA;BIDIRECCIONAL;0,25362262078;2018;NO SE ENCUENTRA EN UN LIMITE ENTRE COMUNAS;NO SE ENCUENTRA EN UN LIMITE ENTRE BARRIOS
261;URIBURU JOSE E, PRES.;CALLE;COMUNA 2;RECOLETA;CICLOVIA;BIDIRECCIONAL;0,48213931858;2015;NO SE ENCUENTRA EN UN LIMITE ENTRE COMUNAS;NO SE ENCUENTRA EN UN LIMITE ENTRE BARRIOS
262;PERON, JUAN DOMINGO, TTE, GRAL.;CALLE;COMUNA 5;ALMAGRO;CICLOVIA;BIDIRECCIONAL;0,43444468191;2010;NO SE ENCUENTRA EN UN LIMITE ENTRE COMUNAS;NO SE ENCUENTRA EN UN LIMITE ENTRE BARRIOS
263;RINCON;CALLE;COMUNA 3;SAN CRISTOBAL;CICLOVIA;BIDIRECCIONAL;0,52435880041;2010;NO SE ENCUENTRA EN UN LIMITE ENTRE COMUNAS;NO SE ENCUENTRA EN UN LIMITE ENTRE BARRIOS
264;MEXICO;CALLE;COMUNA 3;BALVANERA;CICLOVIA;BIDIRECCIONAL;0,22814642212;2014;NO SE ENCUENTRA EN UN LIMITE ENTRE COMUNAS;NO SE ENCUENTRA EN UN LIMITE ENTRE BARRIOS
265;DEAN FUNES;CALLE;COMUNA 4;PARQUE PATRICIOS;CICLOVIA;BIDIRECCIONAL;0,85149855851;2015;NO SE ENCUENTRA EN UN LIMITE ENTRE COMUNAS;NO SE ENCUENTRA EN UN LIMITE ENTRE BARRIOS
266;PAVON;CALLE;COMUNA 5;BOEDO;CICLOVIA;BIDIRECCIONAL;0,11829779632;2018;NO SE ENCUENTRA EN UN LIMITE ENTRE COMUNAS;NO SE ENCUENTRA EN UN LIMITE ENTRE BARRIOS
267;RONDEAU;CALLE;COMUNA 5;BOEDO;CICLOVIA;BIDIRECCIONAL;0,08992309442;2010;NO SE ENCUENTRA EN UN LIMITE ENTRE COMUNAS;NO SE ENCUENTRA EN UN LIMITE ENTRE BARRIOS
268;FAVALORO, RENE DR.;CALLE;COMUNA 4;PARQUE PATRICIOS;BICISENDA;BIDIRECCIONAL;0,35108487936;2015;NO SE ENCUENTRA EN UN LIMITE ENTRE COMUNAS;NO SE ENCUENTRA EN UN LIMITE ENTRE BARRIOS
269;RABANAL, FRANCISCO, INTENDENTE AV.;AVENIDA;COMUNA 4;POMPEYA;BICISENDA;BIDIRECCIONAL;0,52684359590;2013;NO SE ENCUENTRA EN UN LIMITE ENTRE COMUNAS;NO SE ENCUENTRA EN UN LIMITE ENTRE BARRIOS
270;VEDIA, AGUSTIN DE;CALLE;COMUNA 4;POMPEYA;BICISENDA;BIDIRECCIONAL;0,05338231581;2013;NO SE ENCUENTRA EN UN LIMITE ENTRE COMUNAS;NO SE ENCUENTRA EN UN LIMITE ENTRE BARRIOS
271;USPALLATA;CALLE;COMUNA 4;PARQUE PATRICIOS;CICLOVIA;BIDIRECCIONAL;0,27353527346;2015;NO SE ENCUENTRA EN UN LIMITE ENTRE COMUNAS;NO SE ENCUENTRA EN UN LIMITE ENTRE BARRIOS
272;FINOCHIETTO ENRIQUE DR.;CALLE;COMUNA 4;BARRACAS;CICLOVIA;BIDIRECCIONAL;0,13875456274;2015;NO SE ENCUENTRA EN UN LIMITE ENTRE COMUNAS;NO SE ENCUENTRA EN UN LIMITE ENTRE BARRIOS
273;USPALLATA;CALLE;COMUNA 4;BARRACAS;CICLOVIA;BIDIRECCIONAL;0,12259710267;2015;NO SE ENCUENTRA EN UN LIMITE ENTRE COMUNAS;NO SE ENCUENTRA EN UN LIMITE ENTRE BARRIOS
274;DEFENSA;CALLE;COMUNA 1;SAN TELMO;CICLOVIA;BIDIRECCIONAL;0,02933131715;2015;COMUNA 1/COMUNA 4;SAN TELMO/LA BOCA
275;GARCIA, MARTIN AV.;AVENIDA;COMUNA 1;SAN TELMO;BICISENDA;BIDIRECCIONAL;0,19105450208;2010;COMUNA 1/COMUNA 4;SAN TELMO/LA BOCA
276;CABOTO;CALLE;COMUNA 4;LA BOCA;CICLOVIA;BIDIRECCIONAL;0,29089583726;2016;NO SE ENCUENTRA EN UN LIMITE ENTRE COMUNAS;NO SE ENCUENTRA EN UN LIMITE ENTRE BARRIOS
277;ACU├æA DE FIGUEROA, FRANSISCO;CALLE;COMUNA 14;PALERMO;CICLOVIA;BIDIRECCIONAL;0,86207815198;2015;NO SE ENCUENTRA EN UN LIMITE ENTRE COMUNAS;NO SE ENCUENTRA EN UN LIMITE ENTRE BARRIOS
278;HUMAHUACA;CALLE;COMUNA 3;BALVANERA;CICLOVIA;BIDIRECCIONAL;0,13041525883;2014;NO SE ENCUENTRA EN UN LIMITE ENTRE COMUNAS;NO SE ENCUENTRA EN UN LIMITE ENTRE BARRIOS
279;TREINTA Y TRES ORIENTALES;CALLE;COMUNA 5;ALMAGRO;CICLOVIA;BIDIRECCIONAL;0,85744499572;2014;NO SE ENCUENTRA EN UN LIMITE ENTRE COMUNAS;NO SE ENCUENTRA EN UN LIMITE ENTRE BARRIOS
280;MEXICO;CALLE;COMUNA 5;ALMAGRO;CICLOVIA;BIDIRECCIONAL;0,12262519005;2015;NO SE ENCUENTRA EN UN LIMITE ENTRE COMUNAS;NO SE ENCUENTRA EN UN LIMITE ENTRE BARRIOS
281;CALVO, CARLOS;CALLE;COMUNA 5;BOEDO;CICLOVIA;BIDIRECCIONAL;0,13220799072;2010;NO SE ENCUENTRA EN UN LIMITE ENTRE COMUNAS;NO SE ENCUENTRA EN UN LIMITE ENTRE BARRIOS
282;CALVO, CARLOS;CALLE;COMUNA 3;SAN CRISTOBAL;CICLOVIA;BIDIRECCIONAL;0,02750326587;2010;COMUNA 3/COMUNA 5;SAN CRISTOBAL/BOEDO
283;ZA├æARTU;CALLE;COMUNA 7;PARQUE CHACABUCO;CICLOVIA;BIDIRECCIONAL;0,79221697672;2011;NO SE ENCUENTRA EN UN LIMITE ENTRE COMUNAS;NO SE ENCUENTRA EN UN LIMITE ENTRE BARRIOS
284;BRAVARD;CALLE;COMUNA 6;CABALLITO;CICLOVIA;BIDIRECCIONAL;0,02480981594;2013;NO SE ENCUENTRA EN UN LIMITE ENTRE COMUNAS;NO SE ENCUENTRA EN UN LIMITE ENTRE BARRIOS
285;CHACO;CALLE;COMUNA 6;CABALLITO;CICLOVIA;BIDIRECCIONAL;0,13034733235;2019;NO SE ENCUENTRA EN UN LIMITE ENTRE COMUNAS;NO SE ENCUENTRA EN UN LIMITE ENTRE BARRIOS
286;RIGLOS;CALLE;COMUNA 7;PARQUE CHACABUCO;CICLOVIA;BIDIRECCIONAL;0,38952687478;2019;NO SE ENCUENTRA EN UN LIMITE ENTRE COMUNAS;NO SE ENCUENTRA EN UN LIMITE ENTRE BARRIOS
287;JOSE BONIFACIO;CALLE;COMUNA 6;CABALLITO;CICLOVIA;BIDIRECCIONAL;0,20895485662;2011;NO SE ENCUENTRA EN UN LIMITE ENTRE COMUNAS;NO SE ENCUENTRA EN UN LIMITE ENTRE BARRIOS
288;ACHAVAL;CALLE;COMUNA 7;PARQUE CHACABUCO;CICLOVIA;BIDIRECCIONAL;0,06204484586;2011;NO SE ENCUENTRA EN UN LIMITE ENTRE COMUNAS;NO SE ENCUENTRA EN UN LIMITE ENTRE BARRIOS
289;PUAN;CALLE;COMUNA 6;CABALLITO;CICLOVIA;BIDIRECCIONAL;0,26011929965;2011;NO SE ENCUENTRA EN UN LIMITE ENTRE COMUNAS;NO SE ENCUENTRA EN UN LIMITE ENTRE BARRIOS
290;CORONEL RAMON L. FALCON;CALLE;COMUNA 6;CABALLITO;CICLOVIA;BIDIRECCIONAL;0,05012118311;2019;NO SE ENCUENTRA EN UN LIMITE ENTRE COMUNAS;NO SE ENCUENTRA EN UN LIMITE ENTRE BARRIOS
291;CHIRIMAY;CALLE;COMUNA 6;CABALLITO;CICLOVIA;BIDIRECCIONAL;0,10808024840;2019;NO SE ENCUENTRA EN UN LIMITE ENTRE COMUNAS;NO SE ENCUENTRA EN UN LIMITE ENTRE BARRIOS
292;FRAGATA PRES. SARMIENTO;CALLE;COMUNA 6;CABALLITO;CICLOVIA;BIDIRECCIONAL;0,13884752618;2019;NO SE ENCUENTRA EN UN LIMITE ENTRE COMUNAS;NO SE ENCUENTRA EN UN LIMITE ENTRE BARRIOS
293;YERBAL;CALLE;COMUNA 6;CABALLITO;CICLOVIA;BIDIRECCIONAL;0,12101584009;2019;NO SE ENCUENTRA EN UN LIMITE ENTRE COMUNAS;NO SE ENCUENTRA EN UN LIMITE ENTRE BARRIOS
294;PUENTE CABALLITO;PUENTE;COMUNA 6;CABALLITO;CICLOVIA;BIDIRECCIONAL;0,46895211569;2019;NO SE ENCUENTRA EN UN LIMITE ENTRE COMUNAS;NO SE ENCUENTRA EN UN LIMITE ENTRE BARRIOS
295;TRES ARROYOS;CALLE;COMUNA 6;CABALLITO;CICLOVIA;BIDIRECCIONAL;0,41262666168;2015;NO SE ENCUENTRA EN UN LIMITE ENTRE COMUNAS;NO SE ENCUENTRA EN UN LIMITE ENTRE BARRIOS
296;TRES ARROYOS;CALLE;COMUNA 11;VILLA GENERAL MITRE;CICLOVIA;BIDIRECCIONAL;0,44663799390;2016;NO SE ENCUENTRA EN UN LIMITE ENTRE COMUNAS;NO SE ENCUENTRA EN UN LIMITE ENTRE BARRIOS
297;GAONA AV.;AVENIDA;COMUNA 7;FLORES;CICLOVIA;BIDIRECCIONAL;0,03038052218;2020;COMUNA 7/COMUNA 11;FLORES/VILLA GENERAL MITRE
298;PRIMERA JUNTA;CALLE;COMUNA 9;PARQUE AVELLANEDA;CICLOVIA;BIDIRECCIONAL;0,38726688106;2017;NO SE ENCUENTRA EN UN LIMITE ENTRE COMUNAS;NO SE ENCUENTRA EN UN LIMITE ENTRE BARRIOS
299;BALBASTRO;CALLE;COMUNA 7;PARQUE CHACABUCO;CICLOVIA;BIDIRECCIONAL;0,10902622235;2017;NO SE ENCUENTRA EN UN LIMITE ENTRE COMUNAS;NO SE ENCUENTRA EN UN LIMITE ENTRE BARRIOS
300;CURAPALIGUE AV.;AVENIDA;COMUNA 7;PARQUE CHACABUCO;CICLOVIA;BIDIRECCIONAL;0,01657162222;2017;NO SE ENCUENTRA EN UN LIMITE ENTRE COMUNAS;NO SE ENCUENTRA EN UN LIMITE ENTRE BARRIOS
301;SENDERO PARQUE CHACABUCO (NO OFICIAL);SENDERO;COMUNA 7;PARQUE CHACABUCO;BICISENDA;BIDIRECCIONAL;0,19666762967;2020;NO SE ENCUENTRA EN UN LIMITE ENTRE COMUNAS;NO SE ENCUENTRA EN UN LIMITE ENTRE BARRIOS
302;DOBLAS;CALLE;COMUNA 6;CABALLITO;CICLOVIA;BIDIRECCIONAL;0,98151252750;2014;NO SE ENCUENTRA EN UN LIMITE ENTRE COMUNAS;NO SE ENCUENTRA EN UN LIMITE ENTRE BARRIOS
303;BONIFACIO, JOSE;CALLE;COMUNA 9;PARQUE AVELLANEDA;CICLOVIA;BIDIRECCIONAL;0,15831396598;2017;NO SE ENCUENTRA EN UN LIMITE ENTRE COMUNAS;NO SE ENCUENTRA EN UN LIMITE ENTRE BARRIOS
304;BONIFACIO, JOSE;CALLE;COMUNA 10;FLORESTA;CICLOVIA;BIDIRECCIONAL;0,58299421459;2017;NO SE ENCUENTRA EN UN LIMITE ENTRE COMUNAS;NO SE ENCUENTRA EN UN LIMITE ENTRE BARRIOS
305;CHIVILCOY AV.;AVENIDA;COMUNA 11;VILLA DEVOTO;CICLOVIA;BIDIRECCIONAL;0,53297845795;2013;NO SE ENCUENTRA EN UN LIMITE ENTRE COMUNAS;NO SE ENCUENTRA EN UN LIMITE ENTRE BARRIOS
306;DIAZ, CESAR, GRAL.;CALLE;COMUNA 10;FLORESTA;CICLOVIA;ESTACIONAMIENTO PARALELO;0,24561025551;2019;NO SE ENCUENTRA EN UN LIMITE ENTRE COMUNAS;NO SE ENCUENTRA EN UN LIMITE ENTRE BARRIOS
307;GONZALEZ, ELPIDIO;CALLE;COMUNA 11;VILLA SANTA RITA;CICLOVIA;BIDIRECCIONAL;0,09453234804;2018;NO SE ENCUENTRA EN UN LIMITE ENTRE COMUNAS;NO SE ENCUENTRA EN UN LIMITE ENTRE BARRIOS
308;CERETTI;CALLE;COMUNA 15;PARQUE CHAS;CICLOVIA;BIDIRECCIONAL;0,29202302925;2010;NO SE ENCUENTRA EN UN LIMITE ENTRE COMUNAS;NO SE ENCUENTRA EN UN LIMITE ENTRE BARRIOS
309;STORNI, ALFONSINA;CALLE;COMUNA 12;SAAVEDRA;CICLOVIA;BIDIRECCIONAL;0,24670645315;2019;NO SE ENCUENTRA EN UN LIMITE ENTRE COMUNAS;NO SE ENCUENTRA EN UN LIMITE ENTRE BARRIOS
310;YRURTIA, ROGELIO;CALLE;COMUNA 12;SAAVEDRA;CICLOVIA;BIDIRECCIONAL;0,12808390559;2019;NO SE ENCUENTRA EN UN LIMITE ENTRE COMUNAS;NO SE ENCUENTRA EN UN LIMITE ENTRE BARRIOS
311;PELLEGRINI, CARLOS E.;CALLE;COMUNA 12;SAAVEDRA;CICLOVIA;BIDIRECCIONAL;0,17325372882;2019;NO SE ENCUENTRA EN UN LIMITE ENTRE COMUNAS;NO SE ENCUENTRA EN UN LIMITE ENTRE BARRIOS
312;BLANCO ENCALADA;CALLE;COMUNA 13;BELGRANO;CICLOVIA;BIDIRECCIONAL;0,50603399985;2018;NO SE ENCUENTRA EN UN LIMITE ENTRE COMUNAS;NO SE ENCUENTRA EN UN LIMITE ENTRE BARRIOS
313;SUPERI;CALLE;COMUNA 12;COGHLAN;CICLOVIA;BIDIRECCIONAL;0,86063221630;2014;NO SE ENCUENTRA EN UN LIMITE ENTRE COMUNAS;NO SE ENCUENTRA EN UN LIMITE ENTRE BARRIOS
314;SUPERI;CALLE;COMUNA 12;SAAVEDRA;CICLOVIA;BIDIRECCIONAL;0,62132181793;2018;NO SE ENCUENTRA EN UN LIMITE ENTRE COMUNAS;NO SE ENCUENTRA EN UN LIMITE ENTRE BARRIOS
315;AMENABAR;CALLE;COMUNA 12;SAAVEDRA;CICLOVIA;BIDIRECCIONAL;0,13477959535;2018;NO SE ENCUENTRA EN UN LIMITE ENTRE COMUNAS;NO SE ENCUENTRA EN UN LIMITE ENTRE BARRIOS
316;FIGUEROA ALCORTA PRES. AV.;AVENIDA;COMUNA 13;BELGRANO;BICISENDA;BIDIRECCIONAL;1,89760147950;2013;NO SE ENCUENTRA EN UN LIMITE ENTRE COMUNAS;NO SE ENCUENTRA EN UN LIMITE ENTRE BARRIOS
317;FIGUEROA ALCORTA PRES. AV.;AVENIDA;COMUNA 13;BELGRANO;BICISENDA;BIDIRECCIONAL;0,06345786886;2012;COMUNA 13/COMUNA 14;BELGRANO/PALERMO
318;GIRALDES, INT.;CALLE;COMUNA 13;BELGRANO;BICISENDA;BIDIRECCIONAL;0,12021250980;2019;NO SE ENCUENTRA EN UN LIMITE ENTRE COMUNAS;NO SE ENCUENTRA EN UN LIMITE ENTRE BARRIOS
319;OBLIGADO RAFAEL, AVENIDA COSTANERA;AVENIDA;COMUNA 14;PALERMO;BICISENDA;BIDIRECCIONAL;1,54112191527;2014;NO SE ENCUENTRA EN UN LIMITE ENTRE COMUNAS;NO SE ENCUENTRA EN UN LIMITE ENTRE BARRIOS
320;11 DE SEPTIEMBRE DE 1888;CALLE;COMUNA 13;BELGRANO;CICLOVIA;BIDIRECCIONAL;0,25898269629;2012;NO SE ENCUENTRA EN UN LIMITE ENTRE COMUNAS;NO SE ENCUENTRA EN UN LIMITE ENTRE BARRIOS
321;VERTIZ, VIRREY AV.;AVENIDA;COMUNA 13;BELGRANO;BICISENDA;BIDIRECCIONAL;0,42019095235;2019;NO SE ENCUENTRA EN UN LIMITE ENTRE COMUNAS;NO SE ENCUENTRA EN UN LIMITE ENTRE BARRIOS
322;DEL LIBERTADOR AV.;AVENIDA;COMUNA 13;BELGRANO;CICLOVIA;BIDIRECCIONAL;0,19842457336;2011;NO SE ENCUENTRA EN UN LIMITE ENTRE COMUNAS;NO SE ENCUENTRA EN UN LIMITE ENTRE BARRIOS
323;11 DE SEPTIEMBRE DE 1888;CALLE;COMUNA 14;PALERMO;CICLOVIA;BIDIRECCIONAL;0,28222661295;2018;NO SE ENCUENTRA EN UN LIMITE ENTRE COMUNAS;NO SE ENCUENTRA EN UN LIMITE ENTRE BARRIOS
324;GARCIA, TEODORO;CALLE;COMUNA 13;COLEGIALES;CICLOVIA;BIDIRECCIONAL;0,36036966064;2014;NO SE ENCUENTRA EN UN LIMITE ENTRE COMUNAS;NO SE ENCUENTRA EN UN LIMITE ENTRE BARRIOS
325;ZAPATA;CALLE;COMUNA 13;COLEGIALES;CICLOVIA;BIDIRECCIONAL;0,31142689347;2018;NO SE ENCUENTRA EN UN LIMITE ENTRE COMUNAS;NO SE ENCUENTRA EN UN LIMITE ENTRE BARRIOS
326;OBLIGADO RAFAEL, AVENIDA COSTANERA;AVENIDA;COMUNA 13;BELGRANO;BICISENDA;BIDIRECCIONAL;1,34787019619;2013;NO SE ENCUENTRA EN UN LIMITE ENTRE COMUNAS;NO SE ENCUENTRA EN UN LIMITE ENTRE BARRIOS
327;OBLIGADO RAFAEL, AVENIDA COSTANERA;AVENIDA;COMUNA 13;BELGRANO;BICISENDA;BIDIRECCIONAL;0,20329895501;2013;COMUNA 13/COMUNA 14;BELGRANO/PALERMO
328;OLLEROS AV.;AVENIDA;COMUNA 14;PALERMO;CICLOVIA;BIDIRECCIONAL;0,07134167778;2013;COMUNA 14/COMUNA 13;PALERMO/BELGRANO
329;ZAPATA;CALLE;COMUNA 14;PALERMO;CICLOVIA;BIDIRECCIONAL;0,62529839962;2018;NO SE ENCUENTRA EN UN LIMITE ENTRE COMUNAS;NO SE ENCUENTRA EN UN LIMITE ENTRE BARRIOS
330;HUMBOLDT;CALLE;COMUNA 15;CHACARITA;CICLOVIA;BIDIRECCIONAL;0,25446341034;2019;NO SE ENCUENTRA EN UN LIMITE ENTRE COMUNAS;NO SE ENCUENTRA EN UN LIMITE ENTRE BARRIOS
331;HUMBOLDT;CALLE;COMUNA 14;PALERMO;CICLOVIA;BIDIRECCIONAL;0,12078198712;2019;NO SE ENCUENTRA EN UN LIMITE ENTRE COMUNAS;NO SE ENCUENTRA EN UN LIMITE ENTRE BARRIOS
332;VEGA, NICETO, CNEL. AV.;AVENIDA;COMUNA 14;PALERMO;CICLOVIA;BIDIRECCIONAL;0,02387537079;2019;NO SE ENCUENTRA EN UN LIMITE ENTRE COMUNAS;NO SE ENCUENTRA EN UN LIMITE ENTRE BARRIOS
333;SERRANO;CALLE;COMUNA 14;PALERMO;CICLOVIA;BIDIRECCIONAL;0,50105531501;2012;NO SE ENCUENTRA EN UN LIMITE ENTRE COMUNAS;NO SE ENCUENTRA EN UN LIMITE ENTRE BARRIOS
334;ALVAREZ, JULIAN;CALLE;COMUNA 15;VILLA CRESPO;CICLOVIA;BIDIRECCIONAL;1,35596630235;2011;NO SE ENCUENTRA EN UN LIMITE ENTRE COMUNAS;NO SE ENCUENTRA EN UN LIMITE ENTRE BARRIOS
335;ESTADO DE ISRAEL AV.;AVENIDA;COMUNA 5;ALMAGRO;CICLOVIA;UNIDIRECCIONAL;1,00580734762;2020;COMUNA 5/COMUNA 15;ALAGRO/VILLA CRESPO
336;CORDOBA AV.;AVENIDA;COMUNA 1;SAN NICOLAS;CICLOVIA;UNIDIRECCIONAL;0,65454484952;2020;NO SE ENCUENTRA EN UN LIMITE ENTRE COMUNAS;SAN NICOLAS/RETIRO
337;CORDOBA AV.;AVENIDA;COMUNA 1;SAN NICOLAS;CICLOVIA;UNIDIRECCIONAL;0,55827758689;2020;COMUNA 1/COMUNA 2;SAN NICOLAS/RECOLETA
338;CORDOBA AV.;AVENIDA;COMUNA 3;BALVANERA;CICLOVIA;UNIDIRECCIONAL;1,78998421501;2020;COMUNA 3/COMUNA 2;BALVANERA/RECOLETA
339;CORDOBA AV.;AVENIDA;COMUNA 5;ALMAGRO;CICLOVIA;UNIDIRECCIONAL;0,37479657188;2020;COMUNA 5/COMUNA 2;ALMAGRO/RECOLETA
340;CORDOBA AV.;AVENIDA;COMUNA 5;ALMAGRO;CICLOVIA;UNIDIRECCIONAL;0,66577740970;2020;COMUNA 5/COMUNA 14;ALMAGRO/PALERMO
341;CORDOBA AV.;AVENIDA;COMUNA 15;CHACARITA;CICLOVIA;UNIDIRECCIONAL;0,42261598608;2020;NO SE ENCUENTRA EN UN LIMITE ENTRE COMUNAS;NO SE ENCUENTRA EN UN LIMITE ENTRE BARRIOS
342;CORDOBA AV.;AVENIDA;COMUNA 15;VILLA CRESPO;CICLOVIA;UNIDIRECCIONAL;1,72535796784;2020;COMUNA 15/COMUNA 14;VILLA CRESPO/PALERMO
343;CORRIENTES AV.;AVENIDA;COMUNA 1;SAN NICOLAS;CICLOVIA;UNIDIRECCIONAL;2,14184171992;2020;NO SE ENCUENTRA EN UN LIMITE ENTRE COMUNAS;NO SE ENCUENTRA EN UN LIMITE ENTRE BARRIOS
344;CORRIENTES AV.;AVENIDA;COMUNA 3;BALVANERA;CICLOVIA;UNIDIRECCIONAL;1,92282991128;2020;NO SE ENCUENTRA EN UN LIMITE ENTRE COMUNAS;NO SE ENCUENTRA EN UN LIMITE ENTRE BARRIOS
345;CORRIENTES AV.;AVENIDA;COMUNA 5;ALMAGRO;CICLOVIA;UNIDIRECCIONAL;1,74966821771;2020;NO SE ENCUENTRA EN UN LIMITE ENTRE COMUNAS;NO SE ENCUENTRA EN UN LIMITE ENTRE BARRIOS
346;CORRIENTES AV.;AVENIDA;COMUNA 15;VILLA CRESPO;CICLOVIA;UNIDIRECCIONAL;1,34453116858;2020;NO SE ENCUENTRA EN UN LIMITE ENTRE COMUNAS;NO SE ENCUENTRA EN UN LIMITE ENTRE BARRIOS
347;GALLARDO, ANGEL AV.;AVENIDA;COMUNA 5;ALMAGRO;CICLOVIA;UNIDIRECCIONAL;0,13443979617;2020;COMUNA 5/COMUNA 15;ALMAGRO/VILLA CRESPO
348;GALLARDO, ANGEL AV.;AVENIDA;COMUNA 6;CABALLITO;CICLOVIA;UNIDIRECCIONAL;0,49546833117;2020;COMUNA 6/COMUNA 15;CABALLITO/VILLA CRESPO
349;CHILE;CALLE;COMUNA 1;MONSERRAT;CICLOVIA;UNIDIRECCIONAL;0,26635880729;2011;NO SE ENCUENTRA EN UN LIMITE ENTRE COMUNAS;MONSERRAT/SAN TELMO
350;ADOLFO ALSINA;CALLE;COMUNA 1;MONSERRAT;CICLOVIA;BIDIRECCIONAL;0,13176791424;2010;NO SE ENCUENTRA EN UN LIMITE ENTRE COMUNAS;NO SE ENCUENTRA EN UN LIMITE ENTRE BARRIOS
351;PERON, JUAN DOMINGO, TTE, GRAL.;CALLE;COMUNA 3;BALVANERA;CICLOVIA;BIDIRECCIONAL;0,85303717276;2010;NO SE ENCUENTRA EN UN LIMITE ENTRE COMUNAS;NO SE ENCUENTRA EN UN LIMITE ENTRE BARRIOS
352;DEL LIBERTADOR AV.;AVENIDA;COMUNA 1;RETIRO;BICISENDA;BIDIRECCIONAL;0,15885364884;2010;NO SE ENCUENTRA EN UN LIMITE ENTRE COMUNAS;NO SE ENCUENTRA EN UN LIMITE ENTRE BARRIOS
353;DEL LIBERTADOR AV.;AVENIDA;COMUNA 1;RETIRO;BICISENDA;BIDIRECCIONAL;0,31646256594;2010;NO SE ENCUENTRA EN UN LIMITE ENTRE COMUNAS;NO SE ENCUENTRA EN UN LIMITE ENTRE BARRIOS
354;DIAZ, CESAR, GRAL.;CALLE;COMUNA 11;VILLA SANTA RITA;CICLOVIA;ESTACIONAMIENTO PARALELO;0,93116869655;2019;NO SE ENCUENTRA EN UN LIMITE ENTRE COMUNAS;NO SE ENCUENTRA EN UN LIMITE ENTRE BARRIOS
355;TACUARI;CALLE;COMUNA 4;BARRACAS;CICLOVIA;BIDIRECCIONAL;0,45196465884;2016;NO SE ENCUENTRA EN UN LIMITE ENTRE COMUNAS;NO SE ENCUENTRA EN UN LIMITE ENTRE BARRIOS
356;BRASIL;CALLE;COMUNA 4;PARQUE PATRICIOS;CICLOVIA;BIDIRECCIONAL;0,07574046315;2010;NO SE ENCUENTRA EN UN LIMITE ENTRE COMUNAS;NO SE ENCUENTRA EN UN LIMITE ENTRE BARRIOS
357;ESTADOS UNIDOS;CALLE;COMUNA 1;SAN TELMO;BICISENDA;BIDIRECCIONAL;0,07680194384;2019;NO SE ENCUENTRA EN UN LIMITE ENTRE COMUNAS;NO SE ENCUENTRA EN UN LIMITE ENTRE BARRIOS
358;DEL LIBERTADOR AV.;AVENIDA;COMUNA 13;NU├æEZ;BICISENDA;BIDIRECCIONAL;0,61660629965;2012;NO SE ENCUENTRA EN UN LIMITE ENTRE COMUNAS;NO SE ENCUENTRA EN UN LIMITE ENTRE BARRIOS
359;COMPLEJO CIUDAD UNIVERSITARIA (SIN NOMBRE OFICIAL);SENDERO;COMUNA 13;BELGRANO;BICISENDA;BIDIRECCIONAL;0,08863865848;2015;NO SE ENCUENTRA EN UN LIMITE ENTRE COMUNAS;NO SE ENCUENTRA EN UN LIMITE ENTRE BARRIOS
360;COMPLEJO CIUDAD UNIVERSITARIA (SIN NOMBRE OFICIAL);SENDERO;COMUNA 13;BELGRANO;BICISENDA;BIDIRECCIONAL;0,49963627184;2015;NO SE ENCUENTRA EN UN LIMITE ENTRE COMUNAS;NO SE ENCUENTRA EN UN LIMITE ENTRE BARRIOS
361;VIAMONTE;CALLE;COMUNA 1;SAN NICOLAS;CICLOVIA;BIDIRECCIONAL;0,03559082722;2010;NO SE ENCUENTRA EN UN LIMITE ENTRE COMUNAS;NO SE ENCUENTRA EN UN LIMITE ENTRE BARRIOS
362;PASEO INTERNO AGRONOMIA (NO OFICIAL);SENDERO;COMUNA 15;AGRONOMIA;BICISENDA;BIDIRECCIONAL;0,31192878017;2017;NO SE ENCUENTRA EN UN LIMITE ENTRE COMUNAS;NO SE ENCUENTRA EN UN LIMITE ENTRE BARRIOS
363;DEL LIBERTADOR AV.;AVENIDA;COMUNA 14;PALERMO;BICISENDA;BIDIRECCIONAL;0,85805815289;2010;NO SE ENCUENTRA EN UN LIMITE ENTRE COMUNAS;NO SE ENCUENTRA EN UN LIMITE ENTRE BARRIOS
364;GORRITI;CALLE;COMUNA 14;PALERMO;CICLOVIA;BIDIRECCIONAL;1,22624778408;2010;NO SE ENCUENTRA EN UN LIMITE ENTRE COMUNAS;NO SE ENCUENTRA EN UN LIMITE ENTRE BARRIOS
365;ADOLFO ALSINA;CALLE;COMUNA 3;BALVANERA;CICLOVIA;BIDIRECCIONAL;0,57838789170;2017;NO SE ENCUENTRA EN UN LIMITE ENTRE COMUNAS;NO SE ENCUENTRA EN UN LIMITE ENTRE BARRIOS
366;ADOLFO ALSINA;CALLE;COMUNA 1;MONSERRAT;CICLOVIA;BIDIRECCIONAL;0,13115654938;2011;NO SE ENCUENTRA EN UN LIMITE ENTRE COMUNAS;NO SE ENCUENTRA EN UN LIMITE ENTRE BARRIOS
367;CEVALLOS, VIRREY;CALLE;COMUNA 1;CONSTITUCION;CICLOVIA;BIDIRECCIONAL;0,70104870164;2010;NO SE ENCUENTRA EN UN LIMITE ENTRE COMUNAS;NO SE ENCUENTRA EN UN LIMITE ENTRE BARRIOS
368;CEVALLOS, VIRREY;CALLE;COMUNA 1;CONSTITUCION;CICLOVIA;BIDIRECCIONAL;0,10661538121;2010;NO SE ENCUENTRA EN UN LIMITE ENTRE COMUNAS;NO SE ENCUENTRA EN UN LIMITE ENTRE BARRIOS
369;RONDEAU;CALLE;COMUNA 4;PARQUE PATRICIOS;CICLOVIA;BIDIRECCIONAL;0,28548916631;2011;NO SE ENCUENTRA EN UN LIMITE ENTRE COMUNAS;NO SE ENCUENTRA EN UN LIMITE ENTRE BARRIOS
370;ARAOZ DE LAMADRID, GREGORIO, GRAL.;CALLE;COMUNA 4;LA BOCA;CICLOVIA;BIDIRECCIONAL;0,00026982124;2010;NO SE ENCUENTRA EN UN LIMITE ENTRE COMUNAS;NO SE ENCUENTRA EN UN LIMITE ENTRE BARRIOS
371;ARAOZ DE LAMADRID, GREGORIO, GRAL.;CALLE;COMUNA 4;LA BOCA;CICLOVIA;BIDIRECCIONAL;0,52882849050;2010;NO SE ENCUENTRA EN UN LIMITE ENTRE COMUNAS;NO SE ENCUENTRA EN UN LIMITE ENTRE BARRIOS
372;ARAOZ DE LAMADRID, GREGORIO, GRAL.;CALLE;COMUNA 4;LA BOCA;CICLOVIA;BIDIRECCIONAL;0,14545170167;2015;NO SE ENCUENTRA EN UN LIMITE ENTRE COMUNAS;NO SE ENCUENTRA EN UN LIMITE ENTRE BARRIOS
373;GARCIA, MARTIN AV.;AVENIDA;COMUNA 1;SAN TELMO;BICISENDA;BIDIRECCIONAL;0,13221401692;2015;COMUNA 1/COMUNA 4;SAN TELMO/LA BOCA
374;ESTADOS UNIDOS;CALLE;COMUNA 5;BOEDO;CICLOVIA;BIDIRECCIONAL;0,50303461072;2010;NO SE ENCUENTRA EN UN LIMITE ENTRE COMUNAS;NO SE ENCUENTRA EN UN LIMITE ENTRE BARRIOS
375;VALLE;CALLE;COMUNA 6;CABALLITO;CICLOVIA;BIDIRECCIONAL;0,65534985946;2011;NO SE ENCUENTRA EN UN LIMITE ENTRE COMUNAS;NO SE ENCUENTRA EN UN LIMITE ENTRE BARRIOS
376;BILBAO, FRANSISCO;CALLE;COMUNA 7;PARQUE CHACABUCO;CICLOVIA;BIDIRECCIONAL;0,20845188294;2011;NO SE ENCUENTRA EN UN LIMITE ENTRE COMUNAS;NO SE ENCUENTRA EN UN LIMITE ENTRE BARRIOS
377;PUAN;CALLE;COMUNA 6;CABALLITO;CICLOVIA;BIDIRECCIONAL;0,14310663490;2017;NO SE ENCUENTRA EN UN LIMITE ENTRE COMUNAS;NO SE ENCUENTRA EN UN LIMITE ENTRE BARRIOS
378;PUAN;CALLE;COMUNA 6;CABALLITO;CICLOVIA;BIDIRECCIONAL;0,22449600442;2019;NO SE ENCUENTRA EN UN LIMITE ENTRE COMUNAS;NO SE ENCUENTRA EN UN LIMITE ENTRE BARRIOS
379;TREINTA Y TRES ORIENTALES;CALLE;COMUNA 5;BOEDO;CICLOVIA;BIDIRECCIONAL;0,18317207884;2014;NO SE ENCUENTRA EN UN LIMITE ENTRE COMUNAS;NO SE ENCUENTRA EN UN LIMITE ENTRE BARRIOS
380;CHILE;CALLE;COMUNA 1;MONSERRAT;CICLOVIA;BIDIRECCIONAL;0,24121194012;2014;NO SE ENCUENTRA EN UN LIMITE ENTRE COMUNAS;NO SE ENCUENTRA EN UN LIMITE ENTRE BARRIOS
381;PADILLA;CALLE;COMUNA 15;VILLA CRESPO;CICLOVIA;BIDIRECCIONAL;0,06277315823;2013;NO SE ENCUENTRA EN UN LIMITE ENTRE COMUNAS;NO SE ENCUENTRA EN UN LIMITE ENTRE BARRIOS
382;DEL LIBERTADOR AV.;AVENIDA;COMUNA 13;NU├æEZ;BICISENDA;BIDIRECCIONAL;0,46641057194;2016;NO SE ENCUENTRA EN UN LIMITE ENTRE COMUNAS;NO SE ENCUENTRA EN UN LIMITE ENTRE BARRIOS
383;FIGUEROA ALCORTA PRES. AV.;AVENIDA;COMUNA 14;PALERMO;BICISENDA;BIDIRECCIONAL;0,85706899986;2012;NO SE ENCUENTRA EN UN LIMITE ENTRE COMUNAS;NO SE ENCUENTRA EN UN LIMITE ENTRE BARRIOS
384;SUPERI;CALLE;COMUNA 13;BELGRANO;CICLOVIA;BIDIRECCIONAL;0,86072306743;2014;NO SE ENCUENTRA EN UN LIMITE ENTRE COMUNAS;NO SE ENCUENTRA EN UN LIMITE ENTRE BARRIOS
385;MANSILLA, LUCIO NORBERTO, GRAL;CALLE;COMUNA 2;RECOLETA;CICLOVIA;BIDIRECCIONAL;0,09288208088;2012;NO SE ENCUENTRA EN UN LIMITE ENTRE COMUNAS;NO SE ENCUENTRA EN UN LIMITE ENTRE BARRIOS
386;AZCUENAGA;CALLE;COMUNA 2;RECOLETA;CICLOVIA;BIDIRECCIONAL;0,12450555361;2012;NO SE ENCUENTRA EN UN LIMITE ENTRE COMUNAS;NO SE ENCUENTRA EN UN LIMITE ENTRE BARRIOS
387;ARENALES;CALLE;COMUNA 1;RETIRO;CICLOVIA;BIDIRECCIONAL;0,41639371398;2012;NO SE ENCUENTRA EN UN LIMITE ENTRE COMUNAS;NO SE ENCUENTRA EN UN LIMITE ENTRE BARRIOS
388;RODO, JOSE E.;CALLE;COMUNA 9;MATADEROS;CICLOVIA;BIDIRECCIONAL;1,34884434551;2013;NO SE ENCUENTRA EN UN LIMITE ENTRE COMUNAS;NO SE ENCUENTRA EN UN LIMITE ENTRE BARRIOS
389;ROCA, CNEL.;AVENIDA;COMUNA 8;VILLA RIACHUELO;BICISENDA;BIDIRECCIONAL;2,06027818878;2013;NO SE ENCUENTRA EN UN LIMITE ENTRE COMUNAS;NO SE ENCUENTRA EN UN LIMITE ENTRE BARRIOS
390;ROCA, CNEL.;AVENIDA;COMUNA 8;VILLA RIACHUELO;BICISENDA;BIDIRECCIONAL;0,57152840140;2014;NO SE ENCUENTRA EN UN LIMITE ENTRE COMUNAS;NO SE ENCUENTRA EN UN LIMITE ENTRE BARRIOS
391;RABANAL, FRANCISCO, INTENDENTE AV.;AVENIDA;COMUNA 8;VILLA SOLDATI;BICISENDA;BIDIRECCIONAL;0,12582036389;2014;NO SE ENCUENTRA EN UN LIMITE ENTRE COMUNAS;NO SE ENCUENTRA EN UN LIMITE ENTRE BARRIOS
392;CHACO;CALLE;COMUNA 6;CABALLITO;CICLOVIA;BIDIRECCIONAL;0,06318622434;2014;NO SE ENCUENTRA EN UN LIMITE ENTRE COMUNAS;NO SE ENCUENTRA EN UN LIMITE ENTRE BARRIOS
393;URIBURU JOSE E, PRES.;CALLE;COMUNA 2;RECOLETA;CICLOVIA;BIDIRECCIONAL;0,30634118522;2014;NO SE ENCUENTRA EN UN LIMITE ENTRE COMUNAS;NO SE ENCUENTRA EN UN LIMITE ENTRE BARRIOS
394;SUIPACHA;CALLE;COMUNA 1;RETIRO;CICLOVIA;BIDIRECCIONAL;0,58593950588;2014;NO SE ENCUENTRA EN UN LIMITE ENTRE COMUNAS;NO SE ENCUENTRA EN UN LIMITE ENTRE BARRIOS
395;SUPERI;CALLE;COMUNA 12;SAAVEDRA;CICLOVIA;BIDIRECCIONAL;0,44703608187;2018;NO SE ENCUENTRA EN UN LIMITE ENTRE COMUNAS;NO SE ENCUENTRA EN UN LIMITE ENTRE BARRIOS
396;COMPLEJO CIUDAD UNIVERSITARIA (SIN NOMBRE OFICIAL);CALLE;COMUNA 13;BELGRANO;BICISENDA;BIDIRECCIONAL;0,08072844470;2019;NO SE ENCUENTRA EN UN LIMITE ENTRE COMUNAS;NO SE ENCUENTRA EN UN LIMITE ENTRE BARRIOS
397;TRES ARROYOS;CALLE;COMUNA 6;CABALLITO;CICLOVIA;BIDIRECCIONAL;0,29294138337;2016;NO SE ENCUENTRA EN UN LIMITE ENTRE COMUNAS;NO SE ENCUENTRA EN UN LIMITE ENTRE BARRIOS
398;TRES ARROYOS;CALLE;COMUNA 6;CABALLITO;CICLOVIA;BIDIRECCIONAL;0,11698012521;2015;NO SE ENCUENTRA EN UN LIMITE ENTRE COMUNAS;NO SE ENCUENTRA EN UN LIMITE ENTRE BARRIOS
399;LAMAS, ANDRES;CALLE;COMUNA 11;VILLA GENERAL MITRE;CICLOVIA;BIDIRECCIONAL;0,39788931718;2016;NO SE ENCUENTRA EN UN LIMITE ENTRE COMUNAS;NO SE ENCUENTRA EN UN LIMITE ENTRE BARRIOS
400;GONZALEZ, ELPIDIO;CALLE;COMUNA 10;MONTECASTRO;CICLOVIA;BIDIRECCIONAL;0,24757179375;2018;NO SE ENCUENTRA EN UN LIMITE ENTRE COMUNAS;NO SE ENCUENTRA EN UN LIMITE ENTRE BARRIOS
401;DIAZ, CESAR, GRAL.;CALLE;COMUNA 11;VILLA GENERAL MITRE;CICLOVIA;BIDIRECCIONAL;0,63692351414;2017;NO SE ENCUENTRA EN UN LIMITE ENTRE COMUNAS;NO SE ENCUENTRA EN UN LIMITE ENTRE BARRIOS
402;IBERA;CALLE;COMUNA 12;COGHLAN;CICLOVIA;BIDIRECCIONAL;0,11371666354;2018;NO SE ENCUENTRA EN UN LIMITE ENTRE COMUNAS;NO SE ENCUENTRA EN UN LIMITE ENTRE BARRIOS
403;IBERA;CALLE;COMUNA 13;NU├æEZ;CICLOVIA;BIDIRECCIONAL;0,19652279123;2018;NO SE ENCUENTRA EN UN LIMITE ENTRE COMUNAS;NO SE ENCUENTRA EN UN LIMITE ENTRE BARRIOS
404;IBERA;CALLE;COMUNA 12;COGHLAN;CICLOVIA;BIDIRECCIONAL;0,26577045958;2017;NO SE ENCUENTRA EN UN LIMITE ENTRE COMUNAS;NO SE ENCUENTRA EN UN LIMITE ENTRE BARRIOS
405;CUBA;CALLE;COMUNA 13;NU├æEZ;CICLOVIA;BIDIRECCIONAL;0,10052977884;2018;NO SE ENCUENTRA EN UN LIMITE ENTRE COMUNAS;NO SE ENCUENTRA EN UN LIMITE ENTRE BARRIOS
406;CUBA;CALLE;COMUNA 13;NU├æEZ;CICLOVIA;BIDIRECCIONAL;0,23575954735;2017;NO SE ENCUENTRA EN UN LIMITE ENTRE COMUNAS;NO SE ENCUENTRA EN UN LIMITE ENTRE BARRIOS
407;AZCUENAGA;CALLE;COMUNA 2;RECOLETA;CICLOVIA;BIDIRECCIONAL;0,31380359474;2018;NO SE ENCUENTRA EN UN LIMITE ENTRE COMUNAS;NO SE ENCUENTRA EN UN LIMITE ENTRE BARRIOS
408;ALVEAR, MARCELO T. DE;CALLE;COMUNA 2;RECOLETA;CICLOVIA;BIDIRECCIONAL;0,38884538124;2017;NO SE ENCUENTRA EN UN LIMITE ENTRE COMUNAS;NO SE ENCUENTRA EN UN LIMITE ENTRE BARRIOS
409;TUCUMAN;CALLE;COMUNA 3;BALVANERA;CICLOVIA;BIDIRECCIONAL;0,51976637430;2017;NO SE ENCUENTRA EN UN LIMITE ENTRE COMUNAS;NO SE ENCUENTRA EN UN LIMITE ENTRE BARRIOS
410;TUCUMAN;CALLE;COMUNA 3;BALVANERA;CICLOVIA;BIDIRECCIONAL;0,19775250287;2018;NO SE ENCUENTRA EN UN LIMITE ENTRE COMUNAS;NO SE ENCUENTRA EN UN LIMITE ENTRE BARRIOS
411;DON BOSCO;CALLE;COMUNA 5;ALMAGRO;CICLOVIA;BIDIRECCIONAL;0,00017331315;2014;NO SE ENCUENTRA EN UN LIMITE ENTRE COMUNAS;NO SE ENCUENTRA EN UN LIMITE ENTRE BARRIOS
412;CONSTITUCION;CALLE;COMUNA 3;SAN CRISTOBAL;CICLOVIA;BIDIRECCIONAL;0,30135471851;2017;NO SE ENCUENTRA EN UN LIMITE ENTRE COMUNAS;NO SE ENCUENTRA EN UN LIMITE ENTRE BARRIOS
413;DEAN FUNES;CALLE;COMUNA 3;SAN CRISTOBAL;CICLOVIA;BIDIRECCIONAL;0,26568963875;2017;NO SE ENCUENTRA EN UN LIMITE ENTRE COMUNAS;NO SE ENCUENTRA EN UN LIMITE ENTRE BARRIOS
414;DON BOSCO;CALLE;COMUNA 5;ALMAGRO;CICLOVIA;BIDIRECCIONAL;0,12639520919;2017;NO SE ENCUENTRA EN UN LIMITE ENTRE COMUNAS;NO SE ENCUENTRA EN UN LIMITE ENTRE BARRIOS
415;VERA PE├æALOZA, ROSARIO;CALLE;COMUNA 1;PUERTO MADERO;BICISENDA;BIDIRECCIONAL;0,06530184120;2019;NO SE ENCUENTRA EN UN LIMITE ENTRE COMUNAS;NO SE ENCUENTRA EN UN LIMITE ENTRE BARRIOS
416;SUIPACHA;CALLE;COMUNA 1;SAN NICOLAS;CICLOVIA;BIDIRECCIONAL;0,25417171556;2011;NO SE ENCUENTRA EN UN LIMITE ENTRE COMUNAS;NO SE ENCUENTRA EN UN LIMITE ENTRE BARRIOS
417;TACUARI;CALLE;COMUNA 1;MONSERRAT;CICLOVIA;BIDIRECCIONAL;0,44901516383;2017;NO SE ENCUENTRA EN UN LIMITE ENTRE COMUNAS;NO SE ENCUENTRA EN UN LIMITE ENTRE BARRIOS
418;TACUARI;CALLE;COMUNA 1;MONSERRAT;CICLOVIA;BIDIRECCIONAL;0,06671712292;2011;NO SE ENCUENTRA EN UN LIMITE ENTRE COMUNAS;NO SE ENCUENTRA EN UN LIMITE ENTRE BARRIOS
419;ECUADOR;CALLE;COMUNA 3;BALVANERA;CICLOVIA;BIDIRECCIONAL;0,42153395622;2018;NO SE ENCUENTRA EN UN LIMITE ENTRE COMUNAS;NO SE ENCUENTRA EN UN LIMITE ENTRE BARRIOS
420;ESTADO PLURINACIONAL DE BOLIVIA;CALLE;COMUNA 12;VILLA PUEYRREDON;CICLOVIA;BIDIRECCIONAL;0,09905043477;2018;NO SE ENCUENTRA EN UN LIMITE ENTRE COMUNAS;NO SE ENCUENTRA EN UN LIMITE ENTRE BARRIOS
421;11 DE SEPTIEMBRE DE 1888;CALLE;COMUNA 13;BELGRANO;CICLOVIA;BIDIRECCIONAL;0,25757992268;2019;NO SE ENCUENTRA EN UN LIMITE ENTRE COMUNAS;NO SE ENCUENTRA EN UN LIMITE ENTRE BARRIOS
422;FRAGATA PRES. SARMIENTO;CALLE;COMUNA 6;CABALLITO;CICLOVIA;BIDIRECCIONAL;0,25806045599;2019;NO SE ENCUENTRA EN UN LIMITE ENTRE COMUNAS;NO SE ENCUENTRA EN UN LIMITE ENTRE BARRIOS
423;OBLIGADO RAFAEL, AVENIDA COSTANERA;AVENIDA;COMUNA 14;PALERMO;BICISENDA;BIDIRECCIONAL;0,73921544845;2019;NO SE ENCUENTRA EN UN LIMITE ENTRE COMUNAS;NO SE ENCUENTRA EN UN LIMITE ENTRE BARRIOS
424;AMENABAR;CALLE;COMUNA 13;BELGRANO;CICLOVIA;BIDIRECCIONAL;0,46892024463;2019;NO SE ENCUENTRA EN UN LIMITE ENTRE COMUNAS;NO SE ENCUENTRA EN UN LIMITE ENTRE BARRIOS
425;ZAVALIA;CALLE;COMUNA 13;BELGRANO;CICLOVIA;BIDIRECCIONAL;0,15765514943;2019;NO SE ENCUENTRA EN UN LIMITE ENTRE COMUNAS;NO SE ENCUENTRA EN UN LIMITE ENTRE BARRIOS
426;GARAY, JUAN DE AV.;AVENIDA;COMUNA 1;SAN TELMO;CICLOVIA;BIDIRECCIONAL;0,07627441316;2010;NO SE ENCUENTRA EN UN LIMITE ENTRE COMUNAS;NO SE ENCUENTRA EN UN LIMITE ENTRE BARRIOS
427;ALBERTI;CALLE;COMUNA 4;PARQUE PATRICIOS;CICLOVIA;BIDIRECCIONAL;0,12964893539;2010;NO SE ENCUENTRA EN UN LIMITE ENTRE COMUNAS;NO SE ENCUENTRA EN UN LIMITE ENTRE BARRIOS
428;VERTIZ, VIRREY AV.;AVENIDA;COMUNA 13;BELGRANO;CICLOVIA;BIDIRECCIONAL;0,09169869608;2011;NO SE ENCUENTRA EN UN LIMITE ENTRE COMUNAS;NO SE ENCUENTRA EN UN LIMITE ENTRE BARRIOS
429;DEL LIBERTADOR AV.;AVENIDA;COMUNA 14;PALERMO;BICISENDA;BIDIRECCIONAL;0,22228696515;2010;NO SE ENCUENTRA EN UN LIMITE ENTRE COMUNAS;NO SE ENCUENTRA EN UN LIMITE ENTRE BARRIOS
430;ALVAREZ, JULIAN;CALLE;COMUNA 14;PALERMO;CICLOVIA;BIDIRECCIONAL;0,34649477767;2011;NO SE ENCUENTRA EN UN LIMITE ENTRE COMUNAS;NO SE ENCUENTRA EN UN LIMITE ENTRE BARRIOS
431;OBLIGADO RAFAEL, AVENIDA COSTANERA;AVENIDA;COMUNA 14;PALERMO;BICISENDA;BIDIRECCIONAL;0,20965912921;2014;NO SE ENCUENTRA EN UN LIMITE ENTRE COMUNAS;NO SE ENCUENTRA EN UN LIMITE ENTRE BARRIOS
432;SASTRE, MARCOS;CALLE;COMUNA 10;VERSAILLES;CICLOVIA;BIDIRECCIONAL;0,17704421549;2017;NO SE ENCUENTRA EN UN LIMITE ENTRE COMUNAS;NO SE ENCUENTRA EN UN LIMITE ENTRE BARRIOS
433;PRIMERA JUNTA;CALLE;COMUNA 7;FLORES;CICLOVIA;BIDIRECCIONAL;0,24759847510;2017;NO SE ENCUENTRA EN UN LIMITE ENTRE COMUNAS;NO SE ENCUENTRA EN UN LIMITE ENTRE BARRIOS
434;COMPLEJO CIUDAD UNIVERSITARIA (SIN NOMBRE OFICIAL);SENDERO;COMUNA 13;BELGRANO;BICISENDA;BIDIRECCIONAL;0,08864324287;2015;NO SE ENCUENTRA EN UN LIMITE ENTRE COMUNAS;NO SE ENCUENTRA EN UN LIMITE ENTRE BARRIOS
435;DORREGO;CALLE;COMUNA 13;COLEGIALES;CICLOVIA;BIDIRECCIONAL;0,03133117031;2012;COMUNA 13/COMUNA 14;COLEGIALES/PALERMO
436;DORREGO AV.;AVENIDA;COMUNA 14;PALERMO;BICISENDA;BIDIRECCIONAL;0,71406040891;2013;NO SE ENCUENTRA EN UN LIMITE ENTRE COMUNAS;NO SE ENCUENTRA EN UN LIMITE ENTRE BARRIOS
437;ROSALES AV.;SENDERO;COMUNA 1;SAN NICOLAS;BICISENDA;BIDIRECCIONAL;0,10976504883;2019;NO SE ENCUENTRA EN UN LIMITE ENTRE COMUNAS;NO SE ENCUENTRA EN UN LIMITE ENTRE BARRIOS
438;PASEO COLON AV.;AVENIDA;COMUNA 1;SAN TELMO;BICISENDA;BIDIRECCIONAL;0,12512816478;2010;NO SE ENCUENTRA EN UN LIMITE ENTRE COMUNAS;NO SE ENCUENTRA EN UN LIMITE ENTRE BARRIOS
439;ALCORTA, AMANCIO AV.;CALLE;COMUNA 4;BARRACAS;BICISENDA;BIDIRECCIONAL;0,02638331745;2015;NO SE ENCUENTRA EN UN LIMITE ENTRE COMUNAS;NO SE ENCUENTRA EN UN LIMITE ENTRE BARRIOS
440;CASEROS AV.;AVENIDA;COMUNA 1;BARRACAS;CICLOVIA;BIDIRECCIONA;0,03707052956;2015;COMUNA 1/COMUNA 4;BARRACAS/CONSTITUCION
441;VERTIZ, VIRREY AV.;AVENIDA;COMUNA 13;BELGRANO;CICLOVIA;BIDIRECCIONAL;0,24857765005;2019;NO SE ENCUENTRA EN UN LIMITE ENTRE COMUNAS;NO SE ENCUENTRA EN UN LIMITE ENTRE BARRIOS
442;DEL LIBERTADOR AV.;AVENIDA;COMUNA 14;PALERMO;CICLOVIA;BIDIRECCIONAL;0,29872796603;2011;NO SE ENCUENTRA EN UN LIMITE ENTRE COMUNAS;NO SE ENCUENTRA EN UN LIMITE ENTRE BARRIOS
443;DEL LIBERTADOR AV.;AVENIDA;COMUNA 14;PALERMO;BICISENDA;BIDIRECCIONAL;0,15684839539;2011;NO SE ENCUENTRA EN UN LIMITE ENTRE COMUNAS;NO SE ENCUENTRA EN UN LIMITE ENTRE BARRIOS
444;DEL LIBERTADOR AV.;AVENIDA;COMUNA 14;PALERMO;CICLOVIA;BIDIRECCIONAL;0,37636209774;2011;NO SE ENCUENTRA EN UN LIMITE ENTRE COMUNAS;NO SE ENCUENTRA EN UN LIMITE ENTRE BARRIOS
445;CORRIENTES AV.;AVENIDA;COMUNA 15;VILLA CRESPO;CICLOVIA;UNIDIRECCIONAL;0,01591794345;2020;NO SE ENCUENTRA EN UN LIMITE ENTRE COMUNAS;NO SE ENCUENTRA EN UN LIMITE ENTRE BARRIOS
446;WARNES AV.;AVENIDA;COMUNA 15;CHACARITA;CICLOVIA;BIDIRECCIONAL;0,00642036422;2018;NO SE ENCUENTRA EN UN LIMITE ENTRE COMUNAS;NO SE ENCUENTRA EN UN LIMITE ENTRE BARRIOS
447;CUCHA CUCHA;CALLE;COMUNA 15;VILLA CRESPO;CICLOVIA;BIDIRECCIONAL;0,36285235689;2016;NO SE ENCUENTRA EN UN LIMITE ENTRE COMUNAS;NO SE ENCUENTRA EN UN LIMITE ENTRE BARRIOS
448;JUSTO, JUAN B. AV.;AVENIDA;COMUNA 15;VILLA CRESPO;CICLOVIA;BIDIRECCIONAL;0,00794433257;2016;NO SE ENCUENTRA EN UN LIMITE ENTRE COMUNAS;NO SE ENCUENTRA EN UN LIMITE ENTRE BARRIOS
449;CORRIENTES AV.;AVENIDA;COMUNA 15;VILLA CRESPO;CICLOVIA;UNIDIRECCIONAL;0,39144404786;2020;NO SE ENCUENTRA EN UN LIMITE ENTRE COMUNAS;NO SE ENCUENTRA EN UN LIMITE ENTRE BARRIOS
450;DEL LIBERTADOR AV.;AVENIDA;COMUNA 14;PALERMO;BICISENDA;BIDIRECCIONAL;0,33465956198;2010;NO SE ENCUENTRA EN UN LIMITE ENTRE COMUNAS;NO SE ENCUENTRA EN UN LIMITE ENTRE BARRIOS
451;DEL LIBERTADOR AV.;AVENIDA;COMUNA 14;PALERMO;CICLOVIA;BIDIRECCIONAL;0,30667929054;2010;NO SE ENCUENTRA EN UN LIMITE ENTRE COMUNAS;NO SE ENCUENTRA EN UN LIMITE ENTRE BARRIOS
452;LA PAMPA;CALLE;COMUNA 13;BELGRANO;CICLOVIA;BIDIRECCIONAL;0,08014775298;2013;COMUNA 13/COMUNA 15;BELGRANO/VILLA ORTUZAR
453;LINIERS VIRREY;CALLE;COMUNA 5;ALMAGRO;CICLOVIA;BIDIRECCIONAL;1,12269355409;2010;NO SE ENCUENTRA EN UN LIMITE ENTRE COMUNAS;NO SE ENCUENTRA EN UN LIMITE ENTRE BARRIOS
454;LOYOLA;CALLE;COMUNA 15;CHACARITA;CICLOVIA;BIDIRECCIONAL;0,54661134005;2014;NO SE ENCUENTRA EN UN LIMITE ENTRE COMUNAS;NO SE ENCUENTRA EN UN LIMITE ENTRE BARRIOS
455;CORRIENTES AV.;AVENIDA;COMUNA 15;CHACARITA;CICLOVIA;UNIDIRECCIONAL;0,98830275819;2020;NO SE ENCUENTRA EN UN LIMITE ENTRE COMUNAS;NO SE ENCUENTRA EN UN LIMITE ENTRE BARRIOS
456;SUPERI;CALLE;COMUNA 12;COGHLAN;CICLOVIA;BIDIRECCIONAL;0,33592125422;2018;NO SE ENCUENTRA EN UN LIMITE ENTRE COMUNAS;NO SE ENCUENTRA EN UN LIMITE ENTRE BARRIOS
457;PEDRAZA, MANUELA;CALLE;COMUNA 12;COGHLAN;CICLOVIA;BIDIRECCIONAL;0,12612671552;2018;NO SE ENCUENTRA EN UN LIMITE ENTRE COMUNAS;NO SE ENCUENTRA EN UN LIMITE ENTRE BARRIOS
458;SUPERI;CALLE;COMUNA 13;BELGRANO;CICLOVIA;BIDIRECCIONAL;0,38177196255;2012;NO SE ENCUENTRA EN UN LIMITE ENTRE COMUNAS;NO SE ENCUENTRA EN UN LIMITE ENTRE BARRIOS
459;AMENABAR;CALLE;COMUNA 13;COLEGIALES;CICLOVIA;BIDIRECCIONAL;0,16853110918;2019;NO SE ENCUENTRA EN UN LIMITE ENTRE COMUNAS;NO SE ENCUENTRA EN UN LIMITE ENTRE BARRIOS
460;BILBAO, FRANSISCO;CALLE;COMUNA 7;FLORES;CICLOVIA;BIDIRECCIONAL;0,11183638195;2017;NO SE ENCUENTRA EN UN LIMITE ENTRE COMUNAS;NO SE ENCUENTRA EN UN LIMITE ENTRE BARRIOS
461;POLA;CALLE;COMUNA 9;LINIERS;CICLOVIA;BIDIRECCIONAL;1,03741432619;2017;NO SE ENCUENTRA EN UN LIMITE ENTRE COMUNAS;NO SE ENCUENTRA EN UN LIMITE ENTRE BARRIOS
462;CEVALLOS, VIRREY;CALLE;COMUNA 1;CONSTITUCION;CICLOVIA;BIDIRECCIONAL;0,91263440531;2010;NO SE ENCUENTRA EN UN LIMITE ENTRE COMUNAS;NO SE ENCUENTRA EN UN LIMITE ENTRE BARRIOS
463;TACUARI;CALLE;COMUNA 1;MONSERRAT;CICLOVIA;BIDIRECCIONAL;0,51113473781;2016;NO SE ENCUENTRA EN UN LIMITE ENTRE COMUNAS;NO SE ENCUENTRA EN UN LIMITE ENTRE BARRIOS
464;CHIVILCOY;CALLE;COMUNA 10;MONTECASTRO;CICLOVIA;BIDIRECCIONAL;1,14063591049;2013;NO SE ENCUENTRA EN UN LIMITE ENTRE COMUNAS;NO SE ENCUENTRA EN UN LIMITE ENTRE BARRIOS
465;AMENABAR;CALLE;COMUNA 13;NU├æEZ;CICLOVIA;BIDIRECCIONAL;0,88992523075;2018;NO SE ENCUENTRA EN UN LIMITE ENTRE COMUNAS;NO SE ENCUENTRA EN UN LIMITE ENTRE BARRIOS
466;RODO, JOSE E.;CALLE;COMUNA 9;PARQUE AVELLANEDA;CICLOVIA;BIDIRECCIONAL;0,80002894514;2013;NO SE ENCUENTRA EN UN LIMITE ENTRE COMUNAS;NO SE ENCUENTRA EN UN LIMITE ENTRE BARRIOS
467;BALBASTRO;CALLE;COMUNA 7;PARQUE CHACABUCO;CICLOVIA;BIDIRECCIONAL;0,22887591020;2017;NO SE ENCUENTRA EN UN LIMITE ENTRE COMUNAS;NO SE ENCUENTRA EN UN LIMITE ENTRE BARRIOS
468;USPALLATA;CALLE;COMUNA 4;BARRACAS;CICLOVIA;BIDIRECCIONAL;0,27089685899;2015;NO SE ENCUENTRA EN UN LIMITE ENTRE COMUNAS;NO SE ENCUENTRA EN UN LIMITE ENTRE BARRIOS
469;PEPIRI;CALLE;COMUNA 4;POMPEYA;CICLOVIA;BIDIRECCIONAL;0,43661458573;2019;NO SE ENCUENTRA EN UN LIMITE ENTRE COMUNAS;NO SE ENCUENTRA EN UN LIMITE ENTRE BARRIOS
470;SAN MART├ìN;CALLE;COMUNA 1;RETIRO;CICLOVIA;BIDIRECCIONAL;0,39569411887;2014;NO SE ENCUENTRA EN UN LIMITE ENTRE COMUNAS;NO SE ENCUENTRA EN UN LIMITE ENTRE BARRIOS
471;SUIPACHA;CALLE;COMUNA 1;RETIRO;CICLOVIA;BIDIRECCIONAL;0,41574742331;2011;NO SE ENCUENTRA EN UN LIMITE ENTRE COMUNAS;NO SE ENCUENTRA EN UN LIMITE ENTRE BARRIOS
472;DEAN FUNES;CALLE;COMUNA 3;BALVANERA;CICLOVIA;BIDIRECCIONAL;0,18029866323;2017;NO SE ENCUENTRA EN UN LIMITE ENTRE COMUNAS;NO SE ENCUENTRA EN UN LIMITE ENTRE BARRIOS
473;RINCON;CALLE;COMUNA 3;SAN CRISTOBAL;CICLOVIA;BIDIRECCIONAL;0,51361129069;2010;NO SE ENCUENTRA EN UN LIMITE ENTRE COMUNAS;NO SE ENCUENTRA EN UN LIMITE ENTRE BARRIOS
474;COMBATE DE LOS POZOS;CALLE;COMUNA 3;SAN CRISTOBAL;CICLOVIA;BIDIRECCIONAL;0,01393359806;2010;NO SE ENCUENTRA EN UN LIMITE ENTRE COMUNAS;NO SE ENCUENTRA EN UN LIMITE ENTRE BARRIOS
475;AZOPARDO;CALLE;COMUNA 1;MONSERRAT;CICLOVIA;BIDIRECCIONAL;0,37537213080;2010;NO SE ENCUENTRA EN UN LIMITE ENTRE COMUNAS;NO SE ENCUENTRA EN UN LIMITE ENTRE BARRIOS
476;GONZALEZ, ELPIDIO;CALLE;COMUNA 10;VERSAILLES;CICLOVIA;BIDIRECCIONAL;0,19461175106;2017;NO SE ENCUENTRA EN UN LIMITE ENTRE COMUNAS;NO SE ENCUENTRA EN UN LIMITE ENTRE BARRIOS
477;CUCHA CUCHA;CALLE;COMUNA 15;VILLA CRESPO;CICLOVIA;BIDIRECCIONAL;0,18968191630;2016;NO SE ENCUENTRA EN UN LIMITE ENTRE COMUNAS;NO SE ENCUENTRA EN UN LIMITE ENTRE BARRIOS
478;GARCIA, JUAN AGUSTIN;CALLE;COMUNA 11;VILLA GENERAL MITRE;CICLOVIA;BIDIRECCIONAL;0,92408082821;2018;NO SE ENCUENTRA EN UN LIMITE ENTRE COMUNAS;NO SE ENCUENTRA EN UN LIMITE ENTRE BARRIOS
479;DIAZ, CESAR, GRAL.;CALLE;COMUNA 11;VILLA GENERAL MITRE;CICLOVIA;BIDIRECCIONAL;0,27613994661;2019;NO SE ENCUENTRA EN UN LIMITE ENTRE COMUNAS;NO SE ENCUENTRA EN UN LIMITE ENTRE BARRIOS
480;GONZALEZ, ELPIDIO;CALLE;COMUNA 10;VILLA LURO;CICLOVIA;BIDIRECCIONAL;0,63578300008;2017;NO SE ENCUENTRA EN UN LIMITE ENTRE COMUNAS;NO SE ENCUENTRA EN UN LIMITE ENTRE BARRIOS
481;LA PAMPA;CALLE;COMUNA 12;VILLA URQUIZA;CICLOVIA;BIDIRECCIONAL;1,02188709225;2013;COMUNA 12/COMUNA 15;VILLA URQUIZA/PARQUE CHAS
482;MILLER;CALLE;COMUNA 12;VILLA URQUIZA;CICLOVIA;BIDIRECCIONAL;1,38942255145;2018;NO SE ENCUENTRA EN UN LIMITE ENTRE COMUNAS;NO SE ENCUENTRA EN UN LIMITE ENTRE BARRIOS
483;UDAONDO, GUILLERMO AV.;AVENIDA;COMUNA 13;NU├æEZ;BICISENDA;BIDIRECCIONAL;0,13892873623;2012;NO SE ENCUENTRA EN UN LIMITE ENTRE COMUNAS;NO SE ENCUENTRA EN UN LIMITE ENTRE BARRIOS
484;CORDOBA AV.;AVENIDA;COMUNA 15;CHACARITA;CICLOVIA;UNIDIRECCIONAL;0,73992328372;2020;COMUNA 15/COMUNA 14;CHACARITA/PALERMO
485;CHILE;CALLE;COMUNA 1;MONSERRAT;CICLOVIA;UNIDIRECCIONAL;0,26566069930;2011;NO SE ENCUENTRA EN UN LIMITE ENTRE COMUNAS;NO SE ENCUENTRA EN UN LIMITE ENTRE BARRIOS
486;GARAY, JUAN DE AV.;AVENIDA;COMUNA 4;PARQUE PATRICIOS;CICLOVIA;BIDIRECCIONAL;0,20037376620;2011;COMUNA 4/COMUNA 3;PARQUE PATRICIOS/SAN CRISTOBAL
487;ROCA, CNEL.;AVENIDA;COMUNA 8;VILLA SOLDATI;BICISENDA;BIDIRECCIONAL;0,07199848295;2014;NO SE ENCUENTRA EN UN LIMITE ENTRE COMUNAS;VILLA SOLDATI/VILLA LUGANO
488;ROCA, CNEL.;AVENIDA;COMUNA 8;VILLA SOLDATI;BICISENDA;BIDIRECCIONAL;0,05466351661;2014;NO SE ENCUENTRA EN UN LIMITE ENTRE COMUNAS;VILLA SOLDATI/VILLA RIACHUELO
489;LA RABIDA  AV.;AVENIDA;COMUNA 1;MONSERRAT;BICISENDA;BIDIRECCIONAL;0,43605541166;2019;NO SE ENCUENTRA EN UN LIMITE ENTRE COMUNAS;NO SE ENCUENTRA EN UN LIMITE ENTRE BARRIOS
490;AZOPARDO;CALLE;COMUNA 1;MONSERRAT;BICISENDA;BIDIRECCIONAL;0,14039382142;2010;NO SE ENCUENTRA EN UN LIMITE ENTRE COMUNAS;NO SE ENCUENTRA EN UN LIMITE ENTRE BARRIOS
491;CCK;SENDERO;COMUNA 1;SAN NICOLAS;BICISENDA;BIDIRECCIONAL;0,09859954707;2019;NO SE ENCUENTRA EN UN LIMITE ENTRE COMUNAS;NO SE ENCUENTRA EN UN LIMITE ENTRE BARRIOS
492;TRINIDAD GUEVARA;CALLE;COMUNA 1;PUERTO MADERO;CICLOVIA;BIDIRECCIONAL;0,08743144761;2020;NO SE ENCUENTRA EN UN LIMITE ENTRE COMUNAS;NO SE ENCUENTRA EN UN LIMITE ENTRE BARRIOS
493;BOUCHARD;SENDERO;COMUNA 1;SAN NICOLAS;BICISENDA;BIDIRECCIONAL;0,14787003767;2019;NO SE ENCUENTRA EN UN LIMITE ENTRE COMUNAS;NO SE ENCUENTRA EN UN LIMITE ENTRE BARRIOS
494;BOUCHARD;SENDERO;COMUNA 1;SAN NICOLAS;BICISENDA;BIDIRECCIONAL;0,11360035452;2019;NO SE ENCUENTRA EN UN LIMITE ENTRE COMUNAS;NO SE ENCUENTRA EN UN LIMITE ENTRE BARRIOS
495;EJE N (ex cont. PERETTE);CALLE;COMUNA 1;RETIRO;CICLOVIA;BIDIRECCIONAL;0,17220960583;2019;NO SE ENCUENTRA EN UN LIMITE ENTRE COMUNAS;NO SE ENCUENTRA EN UN LIMITE ENTRE BARRIOS
496;COMPLEJO CIUDAD UNIVERSITARIA (SIN NOMBRE OFICIAL);SENDERO;COMUNA 13;BELGRANO;BICISENDA;BIDIRECCIONAL;0,44206041632;2015;NO SE ENCUENTRA EN UN LIMITE ENTRE COMUNAS;NO SE ENCUENTRA EN UN LIMITE ENTRE BARRIOS
497;COMPLEJO CIUDAD UNIVERSITARIA (SIN NOMBRE OFICIAL);SENDERO;COMUNA 13;BELGRANO;BICISENDA;BIDIRECCIONAL;0,08923964317;2015;NO SE ENCUENTRA EN UN LIMITE ENTRE COMUNAS;NO SE ENCUENTRA EN UN LIMITE ENTRE BARRIOS
498;COMPLEJO CIUDAD UNIVERSITARIA (SIN NOMBRE OFICIAL);SENDERO;COMUNA 13;BELGRANO;BICISENDA;BIDIRECCIONAL;0,14449651638;2015;NO SE ENCUENTRA EN UN LIMITE ENTRE COMUNAS;NO SE ENCUENTRA EN UN LIMITE ENTRE BARRIOS
499;AZOPARDO;SENDERO;COMUNA 1;MONSERRAT;BICISENDA;BIDIRECCIONAL;0,24348734496;2010;NO SE ENCUENTRA EN UN LIMITE ENTRE COMUNAS;NO SE ENCUENTRA EN UN LIMITE ENTRE BARRIOS
500;COMPLEJO PARQUE DE LOS NI├æOS (SIN NOMBRE OFICIAL);CALLE;COMUNA 13;NU├æEZ;BICISENDA;BIDIRECCIONAL;0,36083700391;2018;NO SE ENCUENTRA EN UN LIMITE ENTRE COMUNAS;NO SE ENCUENTRA EN UN LIMITE ENTRE BARRIOS
501;FIGUEROA ALCORTA PRES. AV.;AVENIDA;COMUNA 14;PALERMO;BICISENDA;BIDIRECCIONAL;0,45429173655;2013;NO SE ENCUENTRA EN UN LIMITE ENTRE COMUNAS;NO SE ENCUENTRA EN UN LIMITE ENTRE BARRIOS
502;CAMINO DE SIRGA;CALLE;COMUNA 4;POMPEYA;CICLOVIA;BIDIRECCIONAL;0,47721480722;2020;NO SE ENCUENTRA EN UN LIMITE ENTRE COMUNAS;NO SE ENCUENTRA EN UN LIMITE ENTRE BARRIOS
503;DEL LIBERTADOR AV.;AVENIDA;COMUNA 14;PALERMO;BICISENDA;BIDIRECCIONAL;0,23323136782;2010;NO SE ENCUENTRA EN UN LIMITE ENTRE COMUNAS;NO SE ENCUENTRA EN UN LIMITE ENTRE BARRIOS
504;SARMIENTO AV.;AVENIDA;COMUNA 14;PALERMO;BICISENDA;BIDIRECCIONAL;0,13073805658;2013;NO SE ENCUENTRA EN UN LIMITE ENTRE COMUNAS;NO SE ENCUENTRA EN UN LIMITE ENTRE BARRIOS
505;COLECTORA CANTILO, Int.;CALLE;COMUNA 13;NU├æEZ;BICISENDA;BIDIRECCIONAL;0,03886538421;2021;NO SE ENCUENTRA EN UN LIMITE ENTRE COMUNAS;NO SE ENCUENTRA EN UN LIMITE ENTRE BARRIOS
506;COLECTORA CANTILO, Int.;CALLE;COMUNA 13;NU├æEZ;BICISENDA;BIDIRECCIONAL;0,15755140362;2021;NO SE ENCUENTRA EN UN LIMITE ENTRE COMUNAS;NO SE ENCUENTRA EN UN LIMITE ENTRE BARRIOS
507;COLECTORA CANTILO, Int.;CALLE;COMUNA 13;BELGRANO;BICISENDA;BIDIRECCIONAL;0,84957472780;2021;NO SE ENCUENTRA EN UN LIMITE ENTRE COMUNAS;NO SE ENCUENTRA EN UN LIMITE ENTRE BARRIOS
508;COLECTORA CANTILO, Int.;CALLE;COMUNA 13;BELGRANO;BICISENDA;BIDIRECCIONAL;0,10920300667;2021;NO SE ENCUENTRA EN UN LIMITE ENTRE COMUNAS;NO SE ENCUENTRA EN UN LIMITE ENTRE BARRIOS
509;COLECTORA CANTILO, Int.;CALLE;COMUNA 13;BELGRANO;BICISENDA;BIDIRECCIONAL;0,03093603340;2021;NO SE ENCUENTRA EN UN LIMITE ENTRE COMUNAS;NO SE ENCUENTRA EN UN LIMITE ENTRE BARRIOS
510;COLECTORA CANTILO, Int.;CALLE;COMUNA 13;BELGRANO;BICISENDA;BIDIRECCIONAL;0,03365497922;2021;NO SE ENCUENTRA EN UN LIMITE ENTRE COMUNAS;NO SE ENCUENTRA EN UN LIMITE ENTRE BARRIOS
511;EREZCANO;CALLE;COMUNA 4;POMPEYA;BICISENDA;BIDIRECCIONAL;0,39782594128;2021;NO SE ENCUENTRA EN UN LIMITE ENTRE COMUNAS;NO SE ENCUENTRA EN UN LIMITE ENTRE BARRIOS
512;COLECTORA CANTILO, Int.;CALLE;COMUNA 13;NU├æEZ;CICLOVIA;BIDIRECCIONAL;0,10732246522;2021;NO SE ENCUENTRA EN UN LIMITE ENTRE COMUNAS;NO SE ENCUENTRA EN UN LIMITE ENTRE BARRIOS
513;ROFFO;CALLE;COMUNA 9;LINIERS;CICLOVIA;BIDIRECCIONAL;0,16015866433;2021;NO SE ENCUENTRA EN UN LIMITE ENTRE COMUNAS;NO SE ENCUENTRA EN UN LIMITE ENTRE BARRIOS
514;PALPA;CALLE;COMUNA 15;CHACARITA;CICLOVIA;UNIDIRECCIONAL;0,08635324470;2021;NO SE ENCUENTRA EN UN LIMITE ENTRE COMUNAS;NO SE ENCUENTRA EN UN LIMITE ENTRE BARRIOS
515;FOREST AV.;AVENIDA;COMUNA 15;CHACARITA;CICLOVIA;BIDIRECCIONAL;1,44313591785;2021;NO SE ENCUENTRA EN UN LIMITE ENTRE COMUNAS;NO SE ENCUENTRA EN UN LIMITE ENTRE BARRIOS
516;FOREST AV.;AVENIDA;COMUNA 13;COLEGIALES;CICLOVIA;BIDIRECCIONAL;0,46417335459;2021;NO SE ENCUENTRA EN UN LIMITE ENTRE COMUNAS;NO SE ENCUENTRA EN UN LIMITE ENTRE BARRIOS
0;TRISTAN ACHAVAL;CALLE;COMUNA 1;PTO. MADERO;CICLOVIA;BIDIRECCIONAL;0,16452848226;2021;NO SE ENCUENTRA EN UN LIMITE ENTRE COMUNAS;NO SE ENCUENTRA EN UN LIMITE ENTRE BARRIOS
0;AV. JORGE NEWBERY;AVENIDA;COMUNA 15;CHACARITA;CICLOVIA;ESTACIONAMIENTO PARALELO;0,83104839315;2021;NO SE ENCUENTRA EN UN LIMITE ENTRE COMUNAS;NO SE ENCUENTRA EN UN LIMITE ENTRE BARRIOS
0;AV. JORGE NEWBERY;AVENIDA;COMUNA 13;COLEGIALES;CICLOVIA;ESTACIONAMIENTO PARALELO;0,16997204405;2021;NO SE ENCUENTRA EN UN LIMITE ENTRE COMUNAS;NO SE ENCUENTRA EN UN LIMITE ENTRE BARRIOS
0;TEODORO GARCIA;CALLE;COMUNA 15;CHACARITA;CICLOVIA;BIDIRECCIONAL;0,14643758024;2021;NO SE ENCUENTRA EN UN LIMITE ENTRE COMUNAS;NO SE ENCUENTRA EN UN LIMITE ENTRE BARRIOS
0;COMODORO RIVADAVIA;CALLE;COMUNA 13;NU├æEZ;CICLOVIA;ESTACIONAMIENTO PARALELO;0,45825907297;2021;NO SE ENCUENTRA EN UN LIMITE ENTRE COMUNAS;NO SE ENCUENTRA EN UN LIMITE ENTRE BARRIOS
0;CAMINO DE SIRGA;CALLE;COMUNA 4;BARRACAS;BICISENDA;BIDIRECCIONAL;0,66315650479;2021;NO SE ENCUENTRA EN UN LIMITE ENTRE COMUNAS;NO SE ENCUENTRA EN UN LIMITE ENTRE BARRIOS
0;VERA PE├æALOZA;CALLE;COMUNA 1;PTO. MADERO;CICLOVIA;BIDIRECCIONAL;0,20334439227;2021;NO SE ENCUENTRA EN UN LIMITE ENTRE COMUNAS;NO SE ENCUENTRA EN UN LIMITE ENTRE BARRIOS
0;PADRE MIGONE;CALLE;COMUNA 1;PTO. MADERO;CICLOVIA;BIDIRECCIONAL;0,10321203306;2021;NO SE ENCUENTRA EN UN LIMITE ENTRE COMUNAS;NO SE ENCUENTRA EN UN LIMITE ENTRE BARRIOS
0;CUCHA CUCHA;CALLE;COMUNA 15;LA PATERNAL;CICLOVIA;BIDIRECCIONAL;0,56961043375;2022;NO SE ENCUENTRA EN UN LIMITE ENTRE COMUNAS;NO SE ENCUENTRA EN UN LIMITE ENTRE BARRIOS
0;CUCHA CUCHA;CALLE;COMUNA 15;LA PATERNAL;CICLOVIA;BIDIRECCIONAL;0,13861571992;2022;NO SE ENCUENTRA EN UN LIMITE ENTRE COMUNAS;NO SE ENCUENTRA EN UN LIMITE ENTRE BARRIOS
0;ALVAREZ JONTE;CALLE;COMUNA 15;LA PATERNAL;CICLOVIA;BIDIRECCIONAL;0,09103948210;2022;NO SE ENCUENTRA EN UN LIMITE ENTRE COMUNAS;NO SE ENCUENTRA EN UN LIMITE ENTRE BARRIOS
0;RAWSON;CALLE;COMUNA 5;ALMAGRO;CICLOVIA;BIDIRECCIONAL;0,67505481273;2022;NO SE ENCUENTRA EN UN LIMITE ENTRE COMUNAS;NO SE ENCUENTRA EN UN LIMITE ENTRE BARRIOS
0;RAWSON;CALLE;COMUNA 5;ALMAGRO;CICLOVIA;BIDIRECCIONAL;0,07278255888;2022;NO SE ENCUENTRA EN UN LIMITE ENTRE COMUNAS;NO SE ENCUENTRA EN UN LIMITE ENTRE BARRIOS
0;ECHEVERRIA;CALLE;COMUNA 13;BELGRANO;CICLOVIA;BIDIRECCIONAL;0,24268562547;2022;NO SE ENCUENTRA EN UN LIMITE ENTRE COMUNAS;NO SE ENCUENTRA EN UN LIMITE ENTRE BARRIOS
0;CABOTO;CALLE;COMUNA 4;LA BOCA;CICLOVIA;BIDIRECCIONAL;0,67152242196;2022;NO SE ENCUENTRA EN UN LIMITE ENTRE COMUNAS;NO SE ENCUENTRA EN UN LIMITE ENTRE BARRIOS
0;PEDRAZA, MANUELA;CALLE;COMUNA 13;NU├æEZ;CICLOVIA;BIDIRECCIONAL;0,15780322186;2022;NO SE ENCUENTRA EN UN LIMITE ENTRE COMUNAS;NO SE ENCUENTRA EN UN LIMITE ENTRE BARRIOS
0;CHIVILCOY AV.;AVENIDA;COMUNA 11;VILLA DEVOTO;CICLOVIA;BIDIRECCIONAL;0,89196424835;2022;NO SE ENCUENTRA EN UN LIMITE ENTRE COMUNAS;NO SE ENCUENTRA EN UN LIMITE ENTRE BARRIOS
0;MENDEZ DE ANDES;CALLE;COMUNA 7;FLORES;CICLOVIA;BIDIRECCIONAL;0,88392195716;2022;NO SE ENCUENTRA EN UN LIMITE ENTRE COMUNAS;NO SE ENCUENTRA EN UN LIMITE ENTRE BARRIOS
0;MENDEZ DE ANDES;CALLE;COMUNA 6;CABALLITO;CICLOVIA;ESTACIONAMIENTO PARALELO;0,59015848331;2022;NO SE ENCUENTRA EN UN LIMITE ENTRE COMUNAS;NO SE ENCUENTRA EN UN LIMITE ENTRE BARRIOS
0;ESTRADA;CALLE;COMUNA 7;PARQUE CHACABUCO;CICLOVIA;BIDIRECCIONAL;0,16590054144;2022;NO SE ENCUENTRA EN UN LIMITE ENTRE COMUNAS;NO SE ENCUENTRA EN UN LIMITE ENTRE BARRIOS
0;CONGRESO;CALLE;COMUNA 13;BELGRANO;CICLOVIA;BIDIRECCIONAL;0,37823310813;2022;NO SE ENCUENTRA EN UN LIMITE ENTRE COMUNAS;NO SE ENCUENTRA EN UN LIMITE ENTRE BARRIOS
0;CAMACUA;CALLE;COMUNA 7;FLORES;CICLOVIA;BIDIRECCIONAL;0,42755878973;2022;NO SE ENCUENTRA EN UN LIMITE ENTRE COMUNAS;NO SE ENCUENTRA EN UN LIMITE ENTRE BARRIOS
0;GRANADEROS;CALLE;COMUNA 7;FLORES;CICLOVIA;BIDIRECCIONAL;0,79016206460;2022;NO SE ENCUENTRA EN UN LIMITE ENTRE COMUNAS;NO SE ENCUENTRA EN UN LIMITE ENTRE BARRIOS
0;TEODORO GARCIA;CALLE;14;PALERMO;CICLOVIA;BIDIRRECCIONAL;0,38610258400;2022;NO SE ENCUENTRA EN UN LIMITE ENTRE COMUNAS;NO SE ENCUENTRA EN UN LIMITE ENTRE BARRIOS
0;MIGUELETES;CALLE;14;PALERMO;CICLOVIA;BIDIRRECCIONAL;0,11768967429;2022;NO SE ENCUENTRA EN UN LIMITE ENTRE COMUNAS;NO SE ENCUENTRA EN UN LIMITE ENTRE BARRIOS
0;LACROZE, FEDERICO AV.;AVENIDA;14;PALERMO;CICLOVIA;BIDIRRECCIONAL;0,09859075611;2022;NO SE ENCUENTRA EN UN LIMITE ENTRE COMUNAS;NO SE ENCUENTRA EN UN LIMITE ENTRE BARRIOS
0;ROSETI;CALLE;COMUNA 15;VILLA ORTUZAR;CICLOVIA;BIDIRECCIONAL;0,62210705942;2022;NO SE ENCUENTRA EN UN LIMITE ENTRE COMUNAS;NO SE ENCUENTRA EN UN LIMITE ENTRE BARRIOS
0;ROSETI;CALLE;COMUNA 15;CHACARITA;CICLOVIA;BIDIRECCIONAL;0,35436081683;2022;NO SE ENCUENTRA EN UN LIMITE ENTRE COMUNAS;NO SE ENCUENTRA EN UN LIMITE ENTRE BARRIOS
0;CHIVILCOY AV.;AVENIDA;COMUNA 11;VILLA DEVOTO;CICLOVIA;BIDIRECCIONAL;0,96664524335;2022;NO SE ENCUENTRA EN UN LIMITE ENTRE COMUNAS;NO SE ENCUENTRA EN UN LIMITE ENTRE BARRIOS
0;BALLIVIIAN;CALLE;COMUNA 15;PARQUE CHAS;CICLOVIA;BIDIRECCIONAL;0,06698514355;2022;NO SE ENCUENTRA EN UN LIMITE ENTRE COMUNAS;NO SE ENCUENTRA EN UN LIMITE ENTRE BARRIOS
0;MORON;CALLE;COMUNA 10;FLORESTA;CICLOVIA;BIDIRECCIONAL;1,22668690833;2022;NO SE ENCUENTRA EN UN LIMITE ENTRE COMUNAS;NO SE ENCUENTRA EN UN LIMITE ENTRE COMUNAS
0;MORON;CALLE;COMUNA 7;FLORES;CICLOVIA;BIDIRECCIONAL;1,02212649026;2022;NO SE ENCUENTRA EN UN LIMITE ENTRE COMUNAS;NO SE ENCUENTRA EN UN LIMITE ENTRE COMUNAS
0;MORON;CALLE;COMUNA 10;VELEZ SARFIELD;CICLOVIA;BIDIRECCIONAL;1,00175124235;2022;NO SE ENCUENTRA EN UN LIMITE ENTRE COMUNAS;NO SE ENCUENTRA EN UN LIMITE ENTRE COMUNAS
4;ROSETI;;15;;;ESTACIONAMIENTO PARALELO;0,44815555124;2022;;
3;ROSETI;;15;;;ESTACIONAMIENTO PARALELO;0,49250940176;2022;;
35;GRIVEO;;11;;;CONVENCIONAL;0,34980443183;2022;;
0;;;;;;;1,80460362170;2023;;
0;;;;;;;0,79024958897;2023;;
0;;;;;;;0,47388859260;2023;;
0;;;;;;;1,12242173507;2023;;
6;AV. COMODORO RIVADAVIA;;13;;;CONVENCIONAL;0,28987065252;2023;;
56;UNANUE;;8;;;CONVIVENCIA;1,18459868217;2022;;
62;BARROS PAZOS;;8;;;CONVIVENCIA;0,26742204090;2022;;
63;BARROS PAZOS;;8;;;CONVIVENCIA;0,35212077626;2022;;
57;UNANUE;;8;;;CONVENCIONAL;0,31021319282;2022;;
60;BARROS PAZOS;;8;;;CONVENCIONAL;0,33621769786;2022;;
61;BARROS PAZOS;;8;;;CONVIVENCIA;0,19205073900;2022;;
59;BARROS PAZOS;;8;;;CONVIVENCIA;0,51675167571;2022;;
58;UNANUE;;8;;;CONVIVENCIA;0,20657860607;2022;;
32;GRIVEO;;12;;;CONVENCIONAL;1,54671488864;2022;;
36;AV. MONROE;;12;;;CONVENCIONAL;0,27000575969;2022;;
33;GRIVEO;;11;;;CONVENCIONAL;0,15316500606;2022;;
34;GRIVEO;;11;;;CONVENCIONAL;0,84512789856;2022;;
0;MORON;CALLE;COMUNA 10;VILLA LURO;CICLOVIA;BIDIRECCIONAL;0,58816382342;2022;NO SE ENCUENTRA EN UN LIMITE ENTRE COMUNAS;NO SE ENCUENTRA EN UN LIMITE ENTRE COMUNAS
0;BOLIVAR;;;;;;0,00000000000;2023;;
0;BOLIVAR;;;;;;0,00000000000;2023;;
0;JAURETCHE;;;;;;0,00000000000;2023;;
0;AMBROSETTI;;;;;;0,00000000000;2023;;
0;VALLESE, FELIPE;;;;;;0,00000000000;2023;;
0;ESPINOSA;;;;;;0,00000000000;2023;;
0;MENDEZ DE ANDES;;;;;;0,00000000000;2023;;
